Cód. Producto;Producto;costo;ultima actualizacion de precio
9000;2 SET DE EXTENSIÓN TIPO MIC KEY;0.00;19/12/2025
C019;ABBOCATH A DEFINIR;0.00;19/12/2025
LIB99;Abrochadora;0.00;19/12/2025
9060;ACEITE DE SILICONA (PREVIENE ESCARAS) ;23,836.26;19/12/2025
12000;ACEITE MCT OIL AL 2% X 500 ML BAGO;0.00;19/12/2025
10557;ACEITE SILICONA EN SPRAY AEROGAL;37,090.30;19/12/2025
11115;ACEMUC 250 ML;0.00;19/12/2025
10760;ACEMUC 600 ML;0.00;19/12/2025
10920;ACIDO FOLICO GOTAS;0.00;19/12/2025
M-22;ACIDO VALPROICO X 120 ML;0.00;19/12/2025
10999;ADALTORE 100 MG X 30 UNIDADES;0.00;19/12/2025
11918;Adaptador guía biomax 500;0.00;19/12/2025
1019;ADHESIVO COUGH ASSIST;0.00;19/12/2025
LIB21;Adhesivo voligoma 30 gr;0.00;19/12/2025
LIB5;Adhesivo voligoma x50cc;0.00;19/12/2025
11006;Adrenalina 1ml;0.00;19/12/2025
AEROC;AEROCAMARA;0.00;23/10/2025
10840;AEROCAMARA AEROSPACER;0.00;19/12/2025
9059;AEROCAMARA DE TRAQUEOSTOMIA;0.00;19/12/2025
10558;AEROCAMARA ERO SPACER XA TQ;0.00;19/12/2025
10599;AEROCAMARA PARA CIRCUITO RESPIRATORIO;0.00;19/12/2025
AER;AEROGAL SPRAY X 225ML;43,863.80;9/2/2026
LIB75;Agenda;0.00;19/12/2025
10709;Agua Bidestilada de 500ml;0.00;19/12/2025
7358;AGUA DESTILADA  1 LITRO;0.00;19/12/2025
7359;AGUA DESTILADA  500 ML;3,146.84;19/12/2025
7042;AGUA DESTILADA AMPOLLA PLASTICO 10 ML;851.20;19/12/2025
7291;AGUA DESTILADA AMPOLLA PLASTICO 5 ML;611.82;19/12/2025
MEDA150;AGUA DESTILADA X 250 ML;0.00;19/12/2025
2020;AGUA OXIGENADA 10 VOL 100ML;568.56;19/12/2025
7293;AGUA OXIGENADA 10 VOL X 1 LITRO;2,109.24;19/12/2025
7294;AGUA OXIGENADA 10 VOL X 500 CC;1,718.80;19/12/2025
7350;AGUA OXIGENADA 250 ML;1,269.44;19/12/2025
5050;AGUA TRIDESTILADA X 5 LT;0.00;19/12/2025
202;"AGUJA 18G  1 1/2"" (12/40MM)";26.00;19/12/2025
509;"AGUJA 21G 1 1/2"" (40/8MM)";26.00;19/12/2025
7297;"AGUJA 21G 1"" (25/8MM)";21.78;19/12/2025
204;"AGUJA 21G 2"" (50/8MM)";107.56;19/12/2025
205;"AGUJA 22G X1"" 25/7";26.00;19/12/2025
9080;"AGUJA 25G 5/8"" (5/16MM)";26.00;19/12/2025
7295;"AGUJA 30G-1/2"" (30/13MM)";39.14;19/12/2025
12057;Aguja Hipodérmica N13;0.00;19/12/2025
AGU;AGUJA HUBER FRENCH N 19;0.00;19/12/2025
D-05;AGUJA HUBER N 20 G x 25 mm;0.00;19/12/2025
10393;"AGUJAS 23G X 11"" 60/25M";0.00;19/12/2025
12030;Alcohol 100% 500 ml;0.00;19/12/2025
9096;ALCOHOL 70% X 1 LITRO;3,772.00;19/12/2025
ALCOHOL 70% X500ML;ALCOHOL 70% X 500ML;1,854.72;19/12/2025
BB102;ALCOHOL 96% 1 LITRO;3,696.00;19/12/2025
9106;ALCOHOL 96% 250 CC;1,104.00;19/12/2025
7390;ALCOHOL 96% 500 ML ;2,065.28;19/12/2025
12009;ALCOHOL BORICADO;0.00;19/12/2025
7351;ALCOHOL EN GEL 250 ML;2,092.60;19/12/2025
10394;ALCOHOL EN GEL 5LT;0.00;19/12/2025
ALCOHOL EN GEL X 1L;ALCOHOL EN GEL X 1LITRO;5,514.88;19/12/2025
7352;ALCOHOL EN GEL X 500 ML;3,088.00;19/12/2025
10804;Algispray x 187 gr;0.00;19/12/2025
208;ALGODÓN 140 GR;3,470.00;4/2/2026
12015;ALGODON X 400G;0.00;19/12/2025
7302;ALGODÓN X 500 G;4,200.00;19/12/2025
ALG70;ALGODON X 70 gr;0.00;19/12/2025
ALIMENTO POLIMEROSA;ALIMENTO POLIMEROSA 320 grs - Nutricia - Bago;0.00;19/12/2025
1029;Almohada ortopédica para cervical;0.00;19/12/2025
O-35;ALMOHADON ANTIESCARAS COMPRA;0.00;23/10/2025
ALQ-EQU;Alquiler Equipamiento;0.00;19/12/2025
ALQ-OX;Alquiler Oxigenoterapia;0.00;19/12/2025
C008;AMBU POR UNICA VEZ;0.00;19/12/2025
11003;Amlodipina10 mg;0.00;19/12/2025
10977;AMONIO CUATERNARIO X 5LT;0.00;19/12/2025
10767;AMOXICILINA DUO SUSPENSION ORAL;9,224.00;19/12/2025
7392;AMPOLLA P/ NEBULIZAR PEDIATRICA;0.00;19/12/2025
LIMP 102;Anti grasa 500ml con gatillo;0.00;19/12/2025
LIMP50;Aparato para los mosquitos (Porta tabletas);0.00;19/12/2025
C002;APOSITO ALGUINATO A DEFINIR SI AUTORIZAN;0.00;19/12/2025
9126;APOSITO C/ ADHESIVO DE SILICONA 10 X 10 (REF 334353);0.00;19/12/2025
7852;APOSITO DE ALGINATO 10X10CM;0.00;19/12/2025
10395;APOSITO DE ALGINATO 10X20CM REF 9238;0.00;19/12/2025
10396;APOSITO DE ALGINATO 15X15CM REF 3715;0.00;19/12/2025
12054;APOSITO DE INCONTINENCIA EXTREMA;502.64;19/12/2025
12020;APOSITO DE INCONTINENCIA FUERTE - DESCARTABLE NONISEC - AZUL;0.00;19/12/2025
12036;APOSITO DE INCONTINENCIA FUERTE COMODIN;438.78;19/12/2025
10220;APOSITO DE INCONTINENCIA FUERTE DESCARTABLE NONISEC;405.82;19/12/2025
10690;APOSITO DUODERM EXTRAFINO 15X15;0.00;19/12/2025
BB109;APOSITO ESTERIL 10 X 20 ;416.00;19/12/2025
10397;APOSITO ESTERIL 15X20;601.52;19/12/2025
12016;APOSITO ESTERIL 20X7 CM;0.00;19/12/2025
BB-38;APOSITO ESTERIL 9 x 15;0.00;19/12/2025
10206;APOSITO HIDROCOLOIDE 10X10;2,179.48;19/12/2025
12024;APOSITO HIDROCOLOIDE 15X20;0.00;19/12/2025
10713;APOSITO HIDROCOLOIDE 20 X 20;0.00;19/12/2025
11996;Aposito Hidrocoloide de 9x14 cm coloplast;11,715.22;19/12/2025
INSU 1019;APOSITO NO ADHESIVO P/TQT (HONY) 10 CMX10CM;0.00;19/12/2025
INSU 1021;APOSITO NO ADHESIVO P/TQT (HONY) 5CMX5CM;0.00;19/12/2025
10800;Aposito no adhesivo p/tqt (yatho) 10x10;1,236.00;19/12/2025
11941;APOSITO NO ADHESIVO PARA TRAQUEOTOMIA 5X5 CM (YAFHO);564.44;19/12/2025
7353;APOSITO NO ESTERIL   8 X 20 ;0.00;19/12/2025
482;APÓSITO NO ESTERIL  10 X 20 ;177.98;19/12/2025
9105;APOSITO NO ESTERIL  15 X 20  ;270.92;19/12/2025
D-09;APOSITO NO ESTERIL 10 X 20;177.98;19/12/2025
TEGA;APOSITO TEGADERM 10 X 10;0.00;19/12/2025
APOTE;APOSITO TEGADERM 10x12;2,242.10;19/12/2025
198;APÓSITO TEGADERM 10X12;2,176.88;19/12/2025
10565;APOSITO TEGADERM 15x20;0.00;19/12/2025
10711;APOSITO TEGADERM 20X30;0.00;19/12/2025
D-10;APOSITO TEGADERM 6 X 7;0.00;19/12/2025
197;APÓSITO TEGADERM 7X5;3,347.56;19/12/2025
12058;APOSITO TIPO TEGADERM 15X20;0.00;19/12/2025
9010;APOSITO TIPO TERGADERM 6X7;259.56;19/12/2025
196;APÓSITO TRANSPARENTE VECA;0.00;19/12/2025
KEN;APOSITO ULTEC PRO15X15 KENDALL 9802;0.00;19/12/2025
DUO;APOSITOS DUODERM 10 X 15;0.00;19/12/2025
8956;APOSITOS DUODERM 10X10;2,701.14;19/12/2025
7303;APOSITOS ESTERILES 10 X 10 ;0.00;19/12/2025
10209;APOSITOS INCONTINENCIA MODERADA COMODIN ADULTO;292.84;19/12/2025
7304;APOSITOS NO ESTERILES 10 X 10 ;0.00;19/12/2025
9121;APOSITOS TEGADERM 8 X 10 CM;0.00;19/12/2025
LIB 112;Aprieta papeles 19mm;0.00;19/12/2025
LIB 113;Aprieta papeles 25mm;0.00;19/12/2025
LIB 114;Aprieta papeles 32mm;0.00;19/12/2025
LIB 109;Aprieta papeles 41mm;0.00;19/12/2025
LIB 115;Aprieta papeles 50mm;0.00;19/12/2025
10301;AQUAGEL FOAM NO ADHESIVO 15x15;0.00;19/12/2025
10997;ARIPIPRAZOL 20 MG X 30 COMP;0.00;19/12/2025
LIMP25;Aromatizante de ambientes 360cc;0.00;19/12/2025
LIMP 109;Aromatizante para difusor (saphirus);0.00;19/12/2025
ASIFLOSILICPSILLA;ASIENTO INFALBLE O SILICONADO PARA SILLA DE RUEDAS;0.00;23/10/2025
ASP 1;Aspirador Manual;0.00;
11002;Aspirina 100mg;0.00;19/12/2025
10820;ATROVENT IPRATROPIO 25 MG X 40 ML. MARCA BOEHRINGER INGELHEIM;0.00;19/12/2025
4513;AUTOCUIDADO ESTANDAR  PEDIATRICO NUTRIHOME;0.00;19/12/2025
AE/ADULTO;AUTOCUIDADO ESTANDAR -ADULTO;0.00;19/12/2025
4512;AUTOCUIDADO ESTANDAR ADULTO  NUTRIHOME;0.00;19/12/2025
M-01;BACLOFENO 10 MG;0.00;19/12/2025
9081;BAGOVIT AE|BAGO| EMULSIÓN X 200ML;0.00;19/12/2025
209;BAJALENGUAS DE MADERA ADULTO X100;0.00;19/12/2025
210;BAJALENGUAS DE MADERA PEDIATRICOS X100;0.00;19/12/2025
LIMP70;Balde con manija de plástico 10lt;0.00;19/12/2025
10927;BANDA ADHESIVE MULTI EXTENSIBLE;0.00;19/12/2025
LIB24;Bandas elásticas 100 gr 40 mm;0.00;19/12/2025
LIB23;Bandas elásticas 500 gr 130mm;0.00;19/12/2025
LIB3;Bandas elásticas 500 gr.;0.00;19/12/2025
LIB100;Bandeja plastica portapapeles;0.00;19/12/2025
7305;BAÑO FACIL X 10 UNIDADES;1,972.00;19/12/2025
10398;BARBIJO DE FRISELINA;0.00;19/12/2025
212;BARBIJOS DE TELA ;0.00;19/12/2025
7306;BARBIJOS DESCARTABLES;50.00;19/12/2025
10399;BARBIJOS DESCARTABLES CON TIRAS;0.00;19/12/2025
213;BARBIJOS N95;0.00;19/12/2025
10752;BATERIA EXTERNA;0.00;19/12/2025
10779;Benadril antitusivo jarabe;0.00;19/12/2025
BENA;BENADRIL COMPUESTO PEDIATRICO;0.00;19/12/2025
LIB64;Bibliorato forrado  A4, azul;0.00;19/12/2025
LIB63;Bibliorato forrado  A4, negro;0.00;19/12/2025
LIB28;Bibliorato forrado  A4, rojo;0.00;19/12/2025
LIB62;Bibliorato forrado  A4, verde;0.00;19/12/2025
10203;BICARBONATO;2,020.82;19/12/2025
214;BISTURÍ N22;0.00;19/12/2025
215;BISTURÍ N23;0.00;19/12/2025
216;BISTURÍ N24;0.00;19/12/2025
LIMP10;Blem original 360ml;0.00;19/12/2025
LIMP 129;Blem para electrodomesticos;3,816.00;23/1/2026
LIMP71;Bolsa camiseta  AD 50X60 (REF 1011050);0.00;19/12/2025
7307;BOLSA COLECTORA DE ORINA;648.30;19/12/2025
B117;BOLSA COLECTORA DE ORINA PARA PIERNA;0.00;19/12/2025
10400;BOLSA COLECTORA PEDIATRICA X200 ML;0.00;19/12/2025
LIMP 55;Bolsa de  consorcio 50x70 negra.Pack de 10 unidades;0.00;19/12/2025
LIMP5;Bolsa de  consorcio verde 45x60.Pack de 10 unidades;0.00;19/12/2025
LIMP 121;Bolsa de  consorcio verde 45x60.Pack de 20 unidades;0.00;19/12/2025
LIMP27;Bolsa de arranque  60 X 90.Rollo;0.00;19/12/2025
LIMP 122;Bolsa de arranque 15x20.Rollo;0.00;19/12/2025
LIMP26;Bolsa de arranque 30x40.Rollo;0.00;19/12/2025
LIMP31;Bolsa de arranque 50X70.Rollo;0.00;19/12/2025
BOLCOL;BOLSA DE COLOSTOMIA;0.00;19/12/2025
10930;Bolsa de colostomia Alfa-doves;0.00;19/12/2025
LIM 133;Bolsa de consorcio 45x60 negra .Pack de  10 unidades;0.00;19/12/2025
LIMP6;Bolsa de consorcio 45x60 negra .Pack de  20 unidades;0.00;19/12/2025
LIMP4;Bolsa de consorcio 60x90 negra.Pack de 10 unidades;0.00;19/12/2025
LIMP33;Bolsa de consorcio 80X110 negras.Pack de 10 unidades;0.00;19/12/2025
LIMP30;Bolsa de consorcio 90x120 negras .Pack de 10 unidades;0.00;19/12/2025
BOLRU;Bolsa de consorcio negra 90X120;0.00;19/12/2025
LIMP51;Bolsa de consorcio verde 60X90.Pack de 10 unidades;0.00;19/12/2025
01222;BOLSA DE RESIDUO ROJA X 30 UNIDADES;0.00;19/12/2025
LIMP 56;bolsa residuos 60x90;0.00;19/12/2025
LIB133;Bolsa transparente polipropileno 30x40 celofan cristal x 100;0.00;
LIMP;Bolsas de consorcio 90x120;0.00;19/12/2025
10911;Bolsas vesicales forlano 2000A;0.00;19/12/2025
LIB 101;BORRADOR PARA PIZARRA;0.00;19/12/2025
C017;BOTON GASTRICO A DEFINIR;0.00;19/12/2025
12045;botón gástrico Mic key 20 fr 2,5 cm;0.00;19/12/2025
10720;BOTON GASTRICO MIC KEY 20FR 3,5 CM;0.00;19/12/2025
10777;BOTON GASTRICO MIC-KEY 14 FR 2 CM;0.00;19/12/2025
INSU 1022;BOTÓN GÁSTRICO SILICONA 24FR 3,4CM 8MM (350-24-34);0.00;19/12/2025
LIB34;Broches abrochadora 10/50, caja de 1000 unidades;0.00;19/12/2025
LIB60;Broches abrochadora 21/6, caja de 1000 unidades;0.00;19/12/2025
LIB13;Broches abrochadora N°50;0.00;19/12/2025
LIB68;Broches N°26/6, caja de 1000 unidades;0.00;19/12/2025
LIB97;Broches nepaco;0.00;19/12/2025
10654;BT - 63;0.00;19/12/2025
1271;BUDESONIDA;0.00;19/12/2025
11007;Buscapina simple ampolla;0.00;19/12/2025
9107;BUTTERFLY 21 G;0.00;19/12/2025
217;BUTTERFLY G19;0.00;19/12/2025
12006;BUTTERFLY Nº 17;0.00;19/12/2025
496;BUTTERFLY Nº 23;0.00;19/12/2025
495;BUTTERFLY Nº 25;0.00;19/12/2025
LIMP00;Cabo/palo para escobillón o secador;0.00;19/12/2025
LIB92;Caja archivo de carton. Medidas 420x320x250mm;0.00;19/12/2025
 LIB 115;Caja archivo volcada plastica 250x360x120mm;0.00;19/12/2025
10768;CALADRIL CREMA;19,229.70;19/12/2025
LIB74;Calculadora;0.00;19/12/2025
SANUP-59;CAMA ELECTRICA (SA) RESP FORMICA CROMADO;0.00;19/12/2025
12059;CAMARA HUMIFICADORA DE ATOLLENADO -INTER SUR GICAL;0.00;19/12/2025
5825;CAMARA PARA TERMOHUMIDIFICADOR;0.00;19/12/2025
9101;CAMISOLIN;0.00;19/12/2025
CAMP ESTE;CAMPO ESTERIL;1,131.76;19/12/2025
7409;CAMPO ESTERIL  KOLER CQ-58;0.00;19/12/2025
10568;CAMPO FENESTRADO;0.00;19/12/2025
LIMP 108;Canasta para inodoro completa;0.00;19/12/2025
10401;CANULA 11 DE TRAQUEOTOMIA RUSCH CON BALON;0.00;19/12/2025
5051;CANULA 2.5 SIN BALÓN SHILEY;0.00;19/12/2025
10402;CANULA 3.0 CON BALON AURINCO;0.00;19/12/2025
2010;CANULA 3.0 CON BALON SHILEY;0.00;19/12/2025
10403;CANULA 3.0 CON BALON WELL LEAD;0.00;19/12/2025
218;CANULA 3.0 SIN BALON AURINCO;34,527.60;19/12/2025
219;CANULA 3.0 SIN BALON SHILEY;51,324.90;19/12/2025
10404;CANULA 3.0 SIN BALON WELL LEAD;0.00;19/12/2025
10405;CANULA 3.5 CON BALON AURINCO;31,435.60;19/12/2025
2011;CANULA 3.5 CON BALON SHILEY;57,989.20;19/12/2025
10406;CANULA 3.5 CON BALON WELL LEAD;0.00;19/12/2025
10407;CANULA 3.5 SIN BALON AURINCO;35,132.00;19/12/2025
2012;CANULA 3.5 SIN BALON SHILEY;49,829.40;19/12/2025
11050;CANULA 3.5 SIN BALON SHILEY NEONATAL;0.00;19/12/2025
10408;CANULA 3.5 SIN BALON WELL LEAD;0.00;19/12/2025
7385;CANULA 3.5 TIPO SILMAG;0.00;19/12/2025
10409;CANULA 3.5 TRAQUEOTOMIA PORTEX SIN BALON ;0.00;19/12/2025
4840;CANULA 4.0 CON BALON AURINCO;23,584.94;19/12/2025
9615;CANULA 4.0 CON BALON SHILEY;65,464.74;19/12/2025
10410;CANULA 4.0 CON BALON WELL LEAD;0.00;19/12/2025
7311;CANULA 4.0 SIN BALON AURINCO;28,576.32;19/12/2025
7362;CANULA 4.0 SIN BALON SHILEY;558.26;19/12/2025
11051;CANULA 4.0 SIN BALON SHILEY NEONATAL;0.00;19/12/2025
10411;CANULA 4.0 SIN BALON WELL LEAD;0.00;19/12/2025
7449;CANULA 4.5 CON BALON AURINCO;31,435.60;19/12/2025
10412;CANULA 4.5 CON BALON WELL LEAD;0.00;19/12/2025
4845;CANULA 4.5 PDC CON BALON SHILEY;59,727.64;19/12/2025
10413;CANULA 4.5 SIN BALON AURINCO;28,576.32;19/12/2025
7363;CANULA 4.5 SIN BALON SHILEY;49,828.00;19/12/2025
10414;CANULA 4.5 SIN BALON WELL LEAD;0.00;19/12/2025
7393;CANULA 5.0 C/VALVULA FONATORIA Y CAMISA AURINCO;52,247.78;19/12/2025
10415;CANULA 5.0 CON BALON AURINCO;23,988.36;19/12/2025
9014;CANULA 5.0 CON BALON SHIELY;65,462.68;19/12/2025
10416;CANULA 5.0 CON BALON WELL LEAD;0.00;19/12/2025
10417;CANULA 5.0 SIN BALON AURINCO;23,568.46;19/12/2025
9015;CANULA 5.0 SIN BALON SHILEY;57,179.42;19/12/2025
9017;CANULA 5.0 SIN BALON WELL LEAD;0.00;19/12/2025
9016;CANULA 5.0 TIPO SILMAG;0.00;19/12/2025
10418;CANULA 5.5 CON BALON AURINCO;0.00;19/12/2025
9097;CANULA 5.5 CON BALON SHILEY;63,165.78;19/12/2025
10419;CANULA 5.5 CON BALON WELL LEAD;0.00;19/12/2025
10420;CANULA 5.5 SIN BALON AURINCO;0.00;19/12/2025
7364;CANULA 5.5 SIN BALON SHILEY;47,868.22;19/12/2025
10421;CANULA 5.5 SIN BALON WELL LEAD;0.00;19/12/2025
9526;CANULA 6.0  CON BALON SHILEY;59,649.36;19/12/2025
1270;CANULA 6.0 CON BALON AURINCO;22,863.94;19/12/2025
10740;CANULA 6.0 CON BALON AURINCO/SUBGLOTICA;88,522.00;19/12/2025
CAN 6 BALON;CANULA 6.0 CON BALON SHILEY;57,913.00;19/12/2025
10423;CANULA 6.0 CON BALON WELL LEAD;6,880.40;19/12/2025
10693;CANULA 6.0 PARA TQT PORTEX SUBGLOTICA VOCAL CON BALON;81,372.06;19/12/2025
9011;CANULA 6.0 PARA TRAQUEOSTOMÍA  TIPO BLU LINE 15 MM CONNECTOR CUFF ;0.00;19/12/2025
9012;CANULA 6.0 PARA TRAQUEOSTOMÍA BLU LINE 15 MM CONNECTOR CUFF ;0.00;19/12/2025
10424;CANULA 6.0 SIN BALON AURINCO;22,861.88;19/12/2025
7566;CANULA 6.0 SIN BALON SHILEY;47,846.00;19/12/2025
10425;CANULA 6.0 SIN BALON WELL LEAD;0.00;19/12/2025
10426;CANULA 6.0 TRACOE CON BALON ENDOCANULA Y PUERTO SUBGLOTICO;0.00;19/12/2025
10422;CANULA 6.0 TRAQUEOTOMIA PORTEX CON BALON ;0.00;19/12/2025
1269;CANULA 6.5 CON BALON AURINCO;22,861.88;19/12/2025
9103;CANULA 6.5 CON BALON SHILEY;57,913.00;19/12/2025
10427;CANULA 6.5 CON BALON WELL LEAD;6,828.90;19/12/2025
9098;CANULA 6.5 SIN BALON AURINCO;22,861.88;19/12/2025
10428;CANULA 6.5 SIN BALON SHILEY;55,957.84;19/12/2025
10429;CANULA 6.5 SIN BALON WELL LEAD;0.00;19/12/2025
10430;CANULA 7 TRAQUEOTOMIA PORTEX CON BALON;0.00;19/12/2025
11010;CANULA 7.0 CON BALON  TRACOE  TWIST FENESTRADA (302-7);329,984.00;19/12/2025
10431;CANULA 7.0 CON BALON AURINCO;39,096.80;19/12/2025
10435;CANULA 7.0 CON BALON FENESTRADA AURINCO;0.00;19/12/2025
7308;CANULA 7.0 CON BALON SHILEY (REF 138-70);41,401.88;19/12/2025
10436;CANULA 7.0 CON BALON SHILEY CON ASPIRACION SUBGLOTICA  (REF 313-70);0.00;19/12/2025
10754;CANULA 7.0 CON BALON TRACOE TWIST FENESTRADA (REF 312-07);265,111.70;19/12/2025
10432;CANULA 7.0 CON BALON WELL LEAD;8,386.26;19/12/2025
10433;CANULA 7.0 DE TRAQUEOSTOMIA Y PLACA REGULABLE (COD 455-07);0.00;19/12/2025
10434;CANULA 7.0 DE TRAQUEOTOMIA RUSCH  SIN BALON;0.00;19/12/2025
10995;CANULA 7.0 PARA TRAQUEOSTOMIA CON ASPIRACION SUBGLOTICA AURINCO;89,167.10;19/12/2025
11990;CANULA 7.0 SIN BALON  CON ENDOCANULA AURINCO;0.00;19/12/2025
10801;CANULA 7.0 SIN BALON AURINCO;33,431.74;19/12/2025
11950;CANULA 7.0 SIN BALON AURINCO CON CAMISA Y VALVULA DE FONACION;49,219.58;19/12/2025
8052;CANULA 7.0 SIN BALON REFORZADA;0.00;19/12/2025
075;CANULA 7.0 SIN BALON WELL LEAD;0.00;19/12/2025
10437;CANULA 7.5 CON BALON AURINCO;24,956.90;19/12/2025
7955;CANULA 7.5 CON BALON SHILEY (COD 138-75);49,676.90;19/12/2025
10438;CANULA 7.5 CON BALON WELL LEAD;6,596.12;19/12/2025
10439;CANULA 7.5 SIN BALON AURINCO;23,028.74;19/12/2025
10440;CANULA 7.5 SIN BALON SHILEY;55,959.90;19/12/2025
10441;CANULA 7.5 SIN BALON WELL LEAD;0.00;19/12/2025
10442;CANULA 8.0  ASPIRACIÓN SUBGLOTICA AURINCO;0.00;19/12/2025
10445;CANULA 8.0 CON ASP. SUBLOTICA PORTEX;98,978.88;19/12/2025
9013;CANULA 8.0 CON ASPIRACION SUBGLOTICA DE 12 CM;0.00;19/12/2025
10443;CANULA 8.0 CON BALON AURINCO;0.00;19/12/2025
10444;CANULA 8.0 CON BALON SHILEY (COD 138-80);0.00;19/12/2025
10520;CANULA 8.0 CON BALON WELL LEAD;0.00;19/12/2025
10521;CANULA 8.0 DE TRAQUEOTOMIA RUSCH  CON BALON;0.00;19/12/2025
10522;CANULA 8.0 DE TRAQUEOTOMIA RUSCH SIN BALON;0.00;19/12/2025
10608;CANULA 8.0 PORTEX CON BALON;0.00;19/12/2025
10523;CANULA 8.0 SIN BALON AURINCO;0.00;19/12/2025
D-35;CANULA 8.0 SIN BALON SHILEY;0.00;19/12/2025
10524;CANULA 8.0 SIN BALON WELL LEAD;0.00;19/12/2025
11900;Canula 8.0 subglotica Portex Vario (471-08);0.00;19/12/2025
10525;CANULA 8.5 CON BALON SHILEY;0.00;19/12/2025
10526;CANULA 8.5 TRAQUEOTOMIA PORTEX CON BALON Y DE ASPIRACION SUBGLOTICA;98,978.88;19/12/2025
10527;CANULA 8.5 TWIST FENESTRADA TRACOE;0.00;19/12/2025
10446;CANULA 8.5 TWIST FENESTRADA TRACOE;0.00;19/12/2025
UNS;CANULA 9 AVANOS C/BALON  DE ASP SUBGL. (cod 100/860/090);0.00;19/12/2025
10447;CANULA 9 PORTEX C/BALON  DE ASP SUBGL. (cod 100/860/090);138,432.00;19/12/2025
11012;Canula 9 Portex c/balon de Asp Subgl.(100/517/090);0.00;19/12/2025
10448;CANULA 9.0 ASPIRACIÓN SUBGLOTICA AURINCO;79,400.64;19/12/2025
10449;CANULA 9.0 CON BALON AURINCO;0.00;19/12/2025
7448;CANULA 9.0 CON BALON SHILEY;0.00;19/12/2025
10450;CANULA 9.0 CON BALON WELL LEAD;0.00;19/12/2025
10451;CANULA 9.0 CON BALÓN Y ASPIRACIÓN SUBGLOTICA TRACOE (COD 306-09);0.00;19/12/2025
10452;CANULA 9.0 SIN BALON AURINCO;0.00;19/12/2025
10453;CANULA 9.0 SIN BALON SHILEY;0.00;19/12/2025
10454;CANULA 9.0 SIN BALON WELL LEAD;0.00;19/12/2025
C001;CANULA DE TRAQUEOTOMIA  A DEFINIR;0.00;19/12/2025
CANM;CANULA MAYO;0.00;19/12/2025
7309;CANULA N 8  FONATORIA C/CAMISA;43,610.20;19/12/2025
9134;CANULA N8 TRACOE TWIST ASP.SUBGLOTICA (REF 471-08);335,835.62;19/12/2025
C009;CANULA NASAL A  DEFINIR;0.00;19/12/2025
CA NAS A;CANULA NASAL ADULTO (BIGOTERA);883.74;19/12/2025
10890;CANULA NASAL ADULTO (BIGOTERA) KAUTION;883.74;19/12/2025
10790;CANULA NASAL PARA OXIGENO (TIPOK-27N) NEONATAL NOVA MED;702.40;19/12/2025
CA NAS P;CANULA NASAL PEDIATRICA (BIGOTERA);702.40;19/12/2025
10661;CANULA TQT TIPO BIESALSKI Nº7;43,612.26;19/12/2025
10660;CANULA TQT TIPO BIESALSKI Nº8;0.00;19/12/2025
10679;CANZONCILLOS PLENITUD PROTEC PLUS (IINCONTINENCIA INTENSA - AZUL) EG;2,626.50;19/12/2025
O-27;CARGA TUBO DE OXIGENO;0.00;19/12/2025
CAR;CARGAS DE OXIGENO 6 MTS3 CON MANOMETRO;0.00;19/12/2025
LIB102;Carpeta de folios;0.00;19/12/2025
LIB79;Carpeta de presentacion cartulina A4;0.00;19/12/2025
LIB98;CARPETA OFICIO NEGRA;0.00;19/12/2025
LIB 133;Carpeta porta block con tapa a4;3,830.40;22/1/2026
LIB 110;Carpeta presentacion tapa trasparente A4;0.00;19/12/2025
LIB 104;Carpetas colgantes archivos;0.00;19/12/2025
LIB73;Cartucho AMARILLO para impresora Brother DCP T310 - DCP T151;0.00;19/12/2025
LIB71;Cartucho CIAN para impresora Brother DCP T310 - DCP T151;0.00;19/12/2025
LIB72;Cartucho MAGENTA para impresora Brother DCP T310 - DCP T151;0.00;19/12/2025
LIB70;Cartucho NEGRO para impresora Brother DCP T310 - DCP T151;0.00;19/12/2025
LIB67;Cartucho negro para impresora EPSON XP 241;0.00;19/12/2025
10798;CATETER  NEXIVA Nº 20 C/PROLONG BIFURCADO  C/CONECTOR AGUJA LIBRE;0.00;19/12/2025
10967;CATETER COMPACTO (28524);0.00;19/12/2025
9099;CATETER DE MOUNT;5,974.00;19/12/2025
INS 1016;Cateter de mount (ref 331/5661);6,418.96;19/12/2025
10903;CATETER DE SUCCION TIPO k30 C/REG KANGUYAN;566.50;19/12/2025
11030;Cateter embolectomia (Fogarty) 3fr 80cm HAGMED;0.00;19/12/2025
11031;Cateter embolectomia (Fogarty) 4fr 80cm HAGMED;0.00;19/12/2025
10455;CATETER INTRAVENOSO ABBOCATH Nº 14;387.28;19/12/2025
CAT 16;CATETER INTRAVENOSO ABBOCATH Nº 16;387.28;19/12/2025
9837;CATETER INTRAVENOSO ABBOCATH Nº 18;387.28;19/12/2025
500;CATETER INTRAVENOSO ABBOCATH Nº 20;318.40;19/12/2025
9658;CATETER INTRAVENOSO ABBOCATH Nº 22;318.40;19/12/2025
8955;CATETER INTRAVENOSO ABBOCATH Nº 24;387.28;19/12/2025
10780;Catéter kanguyan k30;0.00;19/12/2025
10456;CATETER KANGYUAN K29 PC/R;0.00;19/12/2025
10797;Catéter Nexiva n° 18;0.00;19/12/2025
10969;CATETER SONDA (28508)  CAJA X 30;0.00;19/12/2025
11911;CEFALEXINA SUS 500/5 ML X 120 ML;0.00;19/12/2025
LIMP 100;Cepillo lava coche;0.00;19/12/2025
LIMP 98;CERA LIQUIDA X LITRO;4,303.85;26/12/2025
LIMP20;Ceramicol rojo 800ml;0.00;19/12/2025
LIB 108;Cesto papelero (tacho basura);0.00;19/12/2025
LIB 111;Chinches pizarra corcho;0.00;19/12/2025
LIMP29;Cif crema 375 gr;0.00;19/12/2025
LIMP12;Cif crema 750 ml;0.00;19/12/2025
LIB55;Cinta adhesiva (chica) 18mm. x 25mts.;0.00;19/12/2025
LIB90;"Cinta adhesiva (con descripcion ""fragil"") 48x40";0.00;19/12/2025
LIB 128;Cinta adhesiva (de embalar) 48X100 transparente;0.00;19/12/2025
LIB16;Cinta adhesiva (de embalar) 48X40 transparente;0.00;19/12/2025
LIB 131;Cinta adhesiva (de embalar) 48X90 transparente;1,001.10;29/12/2025
CINTAC;CINTA ADHESIVA DE PAPEL 5 CM;0.00;19/12/2025
7314;CINTA ADHESIVA HIPOALERGENICA X 2.5 CM;715.00;19/12/2025
7315;CINTA ADHESIVA HIPOALERGENICA X 5 CM;1,239.66;19/12/2025
LIB1;Cinta correctora 5mm;0.00;19/12/2025
LIB 510;Cinta de papel;0.00;19/12/2025
9018;CINTA DE SEDA X 2,5 CM;2,006.00;19/12/2025
7365;CINTA HILERA X ROLLO;9,408.00;19/12/2025
9108;CINTA HIPAFIX 10 X 10;0.00;19/12/2025
10699;CINTA HIPAFIX 5 CM;0.00;19/12/2025
19CINTAHIPO2,5CM;CINTA HIPOALERGENICA 2,5 CM. MICROPORE - 3M;27,126.00;10/2/2026
CINMA;CINTA HIPOALERGENICA MACROPORE 5 CM;1,693.32;19/12/2025
220;CINTA HIPOALERGÉNICA MICROPORE 5CM;1,155.66;19/12/2025
10556;Cinta Kinesiológica para vendaje neuromuscular spider tech CINTA KIN ADH BLIST 5X5BEIGE;0.00;19/12/2025
10910;Cinta tela adhesiva impermeable 2.5 cmx9mt;1,783.96;19/12/2025
10457;CINTA TRANSPORE 2,5CM;2,220.68;19/12/2025
10458;CINTA TRANSPORE 5CM;1,955.80;19/12/2025
D-128;CINTAS DE SEDA 5cm;3,990.96;19/12/2025
C011;CIRCUITO ARM A DEFINIR;0.00;19/12/2025
8899;CIRCUITO CERRADO  14 FR REF. 22103-5 HALYRAD 30,5CM;17,176.28;19/12/2025
1026;CIRCUITO CERRADO 14 FR REF. 221-5 HALYRAD 30,5cm AVANOS;40,079.60;19/12/2025
C013;CIRCUITO CERRADO DE ASPIRACION A DEFINIR;0.00;19/12/2025
10982;CIRCUITO MONORAMA PARA ASTRAL 150;0.00;19/12/2025
4658;CIRCUITO P/ RESPIRADOR PEDIÁTRICO UNIVERSAL C/ 2 TRAMPAS DE AGUA;48,111.30;19/12/2025
10553;CIRCUITO PARA RESPIRADOR ADULTO;0.00;19/12/2025
11116;CLARITROMICINA 250 ML;0.00;19/12/2025
10670;Clear therm 3 hmef with luer port and retanaible cap.;0.00;19/12/2025
LIB 27;Clips N°3, caja de 100 unidades;0.00;19/12/2025
LIB14;Clips N°6, 48mm. caja de 50 unidades;0.00;19/12/2025
M-02;CLOBAZAM 10 MG;0.00;19/12/2025
11120;Clorandenicol crema x 30g;0.00;19/12/2025
11902;CLORHEXIDINA 2% X 500;6,688.14;19/12/2025
7366;CLORHEXIDINA 4% 1 L;25,848.52;19/12/2025
489;CLORHEXIDINA 4% 250ML;9,847.20;19/12/2025
961;CLORHEXIDINA 4% X 500ML;17,758.00;19/12/2025
CLOR;CLORHEXIDINA JABONOSO X 1 LITRO;28,096.34;19/12/2025
221;CLORHEXIDINA SPRAY 60ML;9,587.24;19/12/2025
10795;Clorhidrato cefepime x 2 gr;0.00;19/12/2025
10459;CLOTRIMAZOL CREMA;4,469.40;19/12/2025
7399;CODO GIRATORIO CON TUBO;0.00;19/12/2025
9102;COFIA;0.00;19/12/2025
8565;COLAGEN-CLORANF UNG X 50GR;0.00;19/12/2025
12022;COLLARIN PEDIATRICO;3,600.00;19/12/2025
7317;COLLARINES ;3,336.00;19/12/2025
11201;COLLARINES AURICO PEDIATRICOS;6,927.12;19/12/2025
10460;COLLARINES AURINCO;10,955.00;19/12/2025
9061;COLLARINES YAFHO;5,838.04;19/12/2025
INSU 1020;COLLARINES YAFHO PEDIATROCO;0.00;19/12/2025
10913;COMPRESAS ABSORVENTES ANTIMICROBIANAS 5X5 PARA BOTON GASTIRCO COVIDIEN;0.00;19/12/2025
10914;COMPRESAS ABSORVENTES ANTIMICROBIANAS PARA TQT 10X10 COVIDIEN;0.00;19/12/2025
1025;CONECTOR DE OXIGENO PARA RESPIRADOR PB 560-ASTRAL-STELLAR/LUISA;0.00;19/12/2025
7367;CONECTOR DE TUBO T;0.00;19/12/2025
10461;CONECTOR OXIGENO P-52 511 FAB ;3,757.26;19/12/2025
2388;CONECTOR RECTO RESPIRADOR;0.00;19/12/2025
10462;CONECTOR T CON PROLONGACION ;0.00;19/12/2025
7383;CONJUNTO DE ALIMENTACION CONTINUA;0.00;19/12/2025
7382;CONJUNTO DE ALIMENTACION POR BOLO;0.00;19/12/2025
D-50;CONTENEDOR PARA ALIMENTACION ENTERAL X750;1,565.60;19/12/2025
LIB2;Corrector líquido;0.00;19/12/2025
LIB 127;Corrector pincel;0.00;19/12/2025
11113;CORTEROID BETAMETASONA 30 ML;8,061.38;19/12/2025
10917;Cotonetes x 125;0.00;19/12/2025
11923;CREMA BATICOR COMPLEX X 20 GR;24,628.40;19/12/2025
6525;CREMA NEUTRA PARA MASAJES;0.00;19/12/2025
LIB 116;Cuaderno espiralado tapa rigida 16x21.Hojas rayadas;0.00;19/12/2025
LIB 117;Cuaderno espiralado tapa rígida 22x29cm.Hojas rayadas;0.00;19/12/2025
LIB 129;Cuaderno espiralado tapa semirigida 16x21.Hojas cuadriculadas;0.00;19/12/2025
LIB22;Cuaderno espiralado tapa semirigida 16x21.Hojas rayadas;0.00;19/12/2025
LIB 119;Cuaderno espiralado tapa semirígida 22x29cm.Hojas cuadriculadas;0.00;19/12/2025
LIB78;Cuaderno espiralado tapa semirígida 22x29cm.Hojas rayadas;0.00;19/12/2025
LIB6;Cuaderno tapa flexible x86 hojas;0.00;19/12/2025
499;CUBRE BOTAS;0.00;19/12/2025
O-11;CUBRE COLCHON;0.00;19/12/2025
O-12;CUBRECAMILLA;0.00;19/12/2025
12050;CURITAS ESTERILES 10x15;0.00;19/12/2025
1027;D.M.R PEDIÁTRICO P.B RESUCITADOR;0.00;19/12/2025
10773;DECIDEX COMPUESTO SUSPENCION ORAL;8,782.68;19/12/2025
11001;Dermaglos emulsion 400gr;44,193.18;19/12/2025
D-44;DESCARTADOR 2,2 LTS;0.00;19/12/2025
10463;DESCARTADOR DE AGUJA 1LT;0.00;19/12/2025
483;DESCARTADOR DE AGUJA 4LT;0.00;19/12/2025
10794;Descartador de agujas 0,5 lts;0.00;19/12/2025
DESC;DESCARTADOR DE AGUJAS 7 LTS;0.00;19/12/2025
LIMP7;Desodorante de piso x 4lts;0.00;19/12/2025
LIMP 103;Detergente de 500ml;0.00;19/12/2025
LIMP11;Detergente de 750 ml;0.00;19/12/2025
LIM 131;Detergente Magistral 750ml;0.00;
1566;Detergente Trienzimatico x 1000 cc;0.00;19/12/2025
10950;DEXAMETASONA 8MGX 20 COMPRIMIDOS;0.00;19/12/2025
10958;DEXAMETASONA AMP;0.00;19/12/2025
11004;Dextametasona;0.00;19/12/2025
10756;DIAZEPAN 10 MG;0.00;19/12/2025
11119;DIBEN DRINK VAINILLA 200 ML;0.00;19/12/2025
DICLO;DICLOFENAC AMPOLLA;0.00;19/12/2025
11009;Difenidhamina ampolla;0.00;19/12/2025
LIMP 61;Difusor automatico saphirus;0.00;19/12/2025
10931;Difusor de 500ml;0.00;19/12/2025
10957;DIPIRONA AMP;0.00;19/12/2025
11940;DISADUL PAÑALES XG C/GEL;0.00;19/12/2025
11997;Dispenser de servilletas de toallas intercaladas doble carga con visor;0.00;19/12/2025
11936;DITROPAN JARABE X200 ML;0.00;19/12/2025
10960;DIVALPROATO DE SODIO 500 MG X 60 COMP;0.00;19/12/2025
11114;DOMPERIDONA GOTAS 20 ML;0.00;19/12/2025
LIB91;Drum alternativo  de DCP 1060;0.00;19/12/2025
11933;ECUAMON GOTAS X 20 ML;0.00;19/12/2025
223;EMULSION DERMAGLOS GENERICO 200 ML;18,620.00;19/12/2025
ENALA10;ENALAPRIL 10 MG;0.00;19/12/2025
10922;ENALAPRIL GOTAS X 1 MG;0.00;19/12/2025
1033;Enjuague bucal Plac out x 200ml;16,454.60;9/2/2026
10464;ENJUAGUE BUCAL X 200;0.00;19/12/2025
BB365;ENSURE 800G;0.00;19/12/2025
10465;ENSURE 850;0.00;19/12/2025
3525;ENSURE PLUS DRINK 220 ML;0.00;19/12/2025
10799;ENSURE POLVO VAIN 1200 g ABBOTT;0.00;19/12/2025
11994;Enterogermina Basilusclau ampolla 5ML;0.00;19/12/2025
LIPM 111;Envase con dosificador de 250cm;0.00;19/12/2025
LIMP110;Envase con dosificador de 500cm;0.00;19/12/2025
10769;ERITROMICINA;0.00;19/12/2025
LIMP60;Escobilla para inodoro;0.00;19/12/2025
LIMP47;Escobillón laqueado 8,5 cm base plástica;0.00;19/12/2025
LIMP 101;Escurridor de piso;0.00;19/12/2025
LIMP 104;Escurridor de vidrios con mango alargador;0.00;19/12/2025
MEDE080;ESPESAN LATA X 300 GR.;0.00;19/12/2025
LIB 121;Espiral para encuadernar 12mm x50 unidades;0.00;19/12/2025
LIB 122;Espiral para encuadernar 14mm x50 unidades;0.00;19/12/2025
LIB 120;Espiral para encuadernar 17mm x50 unidades;0.00;19/12/2025
LIB48;Espiral para encuadernar 20 mm x50 unidades;0.00;19/12/2025
LIB103;Espiral para encuadernar 9mm x 50 unidades;0.00;19/12/2025
ESP ANTIBAC;ESPONJA ANTIBACTERIAL;0.00;19/12/2025
LIMP21;Esponja cocina;0.00;19/12/2025
LIMP16;Esponja de acero 15 gr;0.00;19/12/2025
10959;Estestocopio Pediatrico;0.00;19/12/2025
1267;ESTETOSCOPIO;0.00;19/12/2025
10968;EXIBRAL 500;0.00;19/12/2025
1016;Extencion de canula de  10 metros;0.00;19/12/2025
10909;Extensión de cánula de 2 metros;0.00;19/12/2025
10992;Farm X en polvo;0.00;19/12/2025
107550;Fecula/pefume x 250 gr;0.00;19/12/2025
11117;FENTAMICINA SOLUCION 30 ML;0.00;19/12/2025
LIB130;Ficha rayadas n3 .Medidas 200mm x 125mm;3,059.00;12/1/2026
10993;fijación de malla de grampas reabsorbibles;0.00;19/12/2025
LIM;Film Negro Rollo;0.00;19/12/2025
11901;FILTRO /HME , HYGROBAC S - MEDTRONIC;0.00;19/12/2025
9064;FILTRO |GIBECK| HUMID VENT MINI (REF. 10011);7,543.72;19/12/2025
10753;FILTRO AB;0.00;19/12/2025
C010;FILTRO ANTIBACTERIAL A DEFINIR;0.00;19/12/2025
7400;FILTRO BACTERIANO RESPIRADOR;0.00;19/12/2025
FILTRO B-PAP;FILTRO BPAP;0.00;19/12/2025
C012;FILTRO DE RESPIRADOR  A DEFINIR;0.00;19/12/2025
1690;FILTRO ELECTROSTÁTICO PEDIÁTRICO;0.00;19/12/2025
EQ;FILTRO ENTRADA PRISMA;0.00;19/12/2025
FILGIB;FILTRO GIBECK;0.00;19/12/2025
INS 1019;Filtro HME;0.00;19/12/2025
77;Filtro HME para respirador artificial 2;0.00;19/12/2025
FILTRO;FILTRO HMEF C/PTO LUER LOCK REF 70313;0.00;19/12/2025
C006;FILTRO HUMIFICADOR A DEFINIR;0.00;19/12/2025
7368;FILTRO HUMIFICADOR DE TQT PEDIATRICO;0.00;19/12/2025
9019;FILTRO P/ASPIRADOR SILFAB;7,949.58;19/12/2025
FIL ASP;FILTRO PARA ASPIRADOR DE SECRECIONES;0.00;19/12/2025
1032;FILTRO PARA TRAQUEOSTOMIA CON PUERTO DE OXIGENO;0.00;19/12/2025
3625;FILTRO PARA UNIDAD DE SUCCIÓN 7305 DEVILBISS;0.00;19/12/2025
11915;FILTRO PEDIATRICO CON PUERTO DE OXIGENO HME;0.00;19/12/2025
9062;FILTRO TRACHEOLIFE III C/APORTE DE O2 353(19004);4,192.10;19/12/2025
10789;Filtro trasero PB560 original;0.00;19/12/2025
7388;FILTRO VIRAL BACTERIAL C/ PORT (GALEMED);2,366.94;19/12/2025
10559;FILTROS CONVIDEN 350/5879;4,171.50;19/12/2025
12053;FILTROS HUMID P/TRAQUEO  HYDRO-TRACH MK II HME - REF. 1873000;0.00;19/12/2025
9122;FILTROS HUMID P/TRAQUEO TRACH-VENT ( REF. 41312);7,156.80;19/12/2025
10600;FILTROS HUMID VENT 11012;10,083.70;19/12/2025
10650;FILTROS PARA TRAQUEOTOMÍA HME (TIPO GIBECK REF.41313);0.00;19/12/2025
10841;FILTROS PEDIATRICO HUDSON - GIBECK HME/F (11012);0.00;19/12/2025
230;FILTROS TRAQUEO COVIDIENT DAR;7,953.66;19/12/2025
LIMP109;Foco luz fria;0.00;19/12/2025
LIB11;Folios A4 pack de 100 unidades;0.00;19/12/2025
LIB29;Folios oficio pack de 100 unidades;0.00;19/12/2025
10303;FORMULA CETOGENICA EN POLVO KETOCAL 4,1 EN POLVO X 300Grs;0.00;19/12/2025
9065;FORTISIP MAX |NUTRICIA BAGO| LIBRE DE GLUTEN X 700GR;0.00;19/12/2025
LIMP14;Franela de 40X50 cm;0.00;19/12/2025
7545;FRASCO ASPIRADOR/NEBULIZADOR;33,726.32;19/12/2025
C015;FRASCO DE ALIMENTACION A  DEFINIR;0.00;19/12/2025
12004;FRASCO DE HIDRATACION;0.00;19/12/2025
7391;FRASCO UROCULTIVO ESTERIL 120 CC;0.00;19/12/2025
10680;FRASCO XILOCAINA ESTERIL;0.00;19/12/2025
10466;FRASCOS DE ALIMENTACION PICO CRUZ X 500;1,222.00;19/12/2025
7406;FREBINI ENERGY DRINK FIBRA FRUTILLA 200;15,400.00;19/12/2025
7407;FREBINI ENERGY DRINK FIBRA VAINILLA 200;0.00;19/12/2025
10761;FREBINI ORIGINAL 500 ML;21,355.80;19/12/2025
4547;FRESUBIN 2KCAL CREME ;0.00;19/12/2025
4546;FRESUBIN FIBRA POLVO X 400;51,269.28;19/12/2025
11929;Fresubin original fibra 1000ml;0.00;19/12/2025
00000010;FRESUBIN ORIGINAL X 1000 ML;0.00;19/12/2025
9117;FURACIN X 500 ML;31,144.00;19/12/2025
10940;Furosemida 40 mg x 30 comp;0.00;19/12/2025
10762;FUSIMED CREMA;17,726.24;19/12/2025
1957;GAFAS DE PROTECCIÓN;0.00;19/12/2025
9066;"GASA  EXCILON AMD 10X10CM (4""X4"")";2,066.36;19/12/2025
BB108;GASA 10 X 10  1KG;18,334.00;19/12/2025
BB107;GASA 15 X 15  1KG;18,334.00;19/12/2025
7318;GASA 20 X 20  1 KG;18,334.00;19/12/2025
BB106;GASA 5 X 5  1KG;0.00;19/12/2025
10689;GASA AMD 5,1x5,1cms EXCILON Cod. 7089;0.00;19/12/2025
224;GASA C/NITROFURAZONA 0,2%;1,279.26;19/12/2025
7319;GASA ESTERIL 10 X 10 SOBRE;197.68;19/12/2025
7320;GASA ESTERIL 20 X 20 SOBRE;351.24;19/12/2025
10467;GASA ESTERIL 30 X 30 SOBRE;0.00;19/12/2025
9067;"GASA EXCILON AMD 5X5CM (2""X2"")";822.34;19/12/2025
10775;GASA FENESTRADAS 10X10 KENDAL;0.00;19/12/2025
GASA N/TEJIDA 10X10;GASA NO TEJIDA 10X10;250.50;19/12/2025
10101;GASA NO TEJIDA 5X5;81.36;19/12/2025
10468;GASA NO TEJIDA 7,5X7,5;0.00;19/12/2025
10978;GASA P/ TQT REF 687149 YAFO FENEST;0.00;19/12/2025
517;GASA PIEZA TUBULAR X 1,5 KG;0.00;19/12/2025
9093;GASA SINTETICA CURITY  7,5 X 7,5 CM - KENDALL;447.02;19/12/2025
9068;GASA SINTETICA CURITY VERSALON 10X10 ;460.12;19/12/2025
GASA TROZADA;GASA TROZADA 30 X 30 X 1 KG;0.00;19/12/2025
GAS03;Gasa vaselinada;0.00;19/12/2025
501;GASAS ESTERILES EN SOBRE  15 X 15 CM;0.00;19/12/2025
D-125;GASAS ESTERILES NO TEJIDAS 10 X 10 YAFHO;1,200.00;19/12/2025
GAEXC;GASAS EXCILON AMD 10,2CM X 10,2CM;0.00;19/12/2025
225;GASAS IODOFORMADAS 10 X 10 CM;0.00;19/12/2025
12023;GASAS PARAFINADAS 10X10;0.00;19/12/2025
10669;GASAS TRAQUEO ESTERIL X 2 SPONGES ANTIMICROBIAL (5X5CM);0.00;19/12/2025
486;GEL  ALGINATO DE CALCIO;0.00;19/12/2025
BB-65;GLUCERNA POLVO LATA 400G;0.00;19/12/2025
A-16;GLUCERNA RTH  X 1000 ML;0.00;19/12/2025
M-18;GLUCOSADA HIPERTONICA 10mg;0.00;19/12/2025
LIB15;Goma de borrar;0.00;19/12/2025
LIM26;Goma de borrar para lápiz/tinta;0.00;19/12/2025
10569;GUANTE DE NITRILO ESTERIL SIN POLVO 300MM;0.00;19/12/2025
485;GUANTE DE POLIETILENO MANOPLA (100UNID);0.00;19/12/2025
10701;GUANTE ESTERIL 6.5;0.00;19/12/2025
11991;GUANTE ESTERIL Nº 6;499.02;19/12/2025
BB125;GUANTE ESTERIL Nº 7;554.48;19/12/2025
11993;GUANTE ESTERIL Nº 7 (Free Latex);0.00;19/12/2025
9023;GUANTE ESTERIL Nº 7,5;554.48;19/12/2025
11992;GUANTE ESTERIL Nº 7.5 (Free Latex);0.00;19/12/2025
7354;GUANTE ESTERIL Nº 8;554.48;19/12/2025
GUA VIN;GUANTE VINILO L;0.00;19/12/2025
7805;GUANTE VINILO M;0.00;19/12/2025
10469;GUANTE VINILO S;0.00;19/12/2025
BB100;GUANTES DE EXAMINACION M X 100;6,520.00;19/12/2025
7336;GUANTES DE EXAMINIACION L X 100;6,520.00;19/12/2025
7335;GUANTES DE EXAMINIACION S X 100;6,520.00;19/12/2025
LIMP28;Guantes de limpieza tamaño M;0.00;19/12/2025
4523;GUANTES DE NITRILO X100;7,156.00;19/12/2025
LIMP22;Guantes Mediano;0.00;19/12/2025
10700;Guantes por unidad;0.00;19/12/2025
GUIA ALIM;GUIA BOMBA ALIMENTACION;0.00;19/12/2025
C014;GUIA DE ALIMENTACION  A DEFINIR;0.00;19/12/2025
10796;Guía fotosensible;0.00;19/12/2025
511;GUIA MACRO GOTERO  (V-14);389.34;19/12/2025
10782;GUIA MACRO GOTERO  (V-14) K-KAUTION;389.34;19/12/2025
10470;GUIA MACRO GOTERO  (V-14) NOVAMED;416.12;19/12/2025
C020;GUIA MACROGOTERO A DEFINIR;0.00;19/12/2025
238;GUIA MACROGOTERO C/AGUJA TIPO V-13;0.00;19/12/2025
5100;GUÍA MICROGOTERO  (V-17);0.00;19/12/2025
GUI;GUIA PARA BOMBA ARGIMED P/BIGMAX PM973-009;0.00;19/12/2025
D-64;GUIA PARA BOMBA DE ALIMENTACION KANGAROO 324;8,808.56;19/12/2025
GUIAALPUN;GUIA PARA BOMBA KANGAROO EPUMP REF 775659;9,859.16;19/12/2025
10550;GUIAS DE ALIMENTACION B14;397.58;19/12/2025
12052;GUIAS DE ALIMENTACION KOLER SN-100;0.00;19/12/2025
LIMP24;Harpic power plus x 500ml;0.00;19/12/2025
228;HEPARINA SODICA 5 ML;16,000.00;4/2/2026
M-19;HIDROCORTISONA AMP 500ML;0.00;19/12/2025
10714;HIDROGEL HODROCOLOIDE COLOPLAST COMFEEL PURILOM GEL 15G;0.00;19/12/2025
11913;HIERRO POLIMALTOSATO SOLUC;0.00;19/12/2025
10955;HIOSCINA AMP;0.00;19/12/2025
11118;HIPOGLOS TALCO X 40 GR;22,687.80;19/12/2025
10202;Hisopos;0.00;19/12/2025
10681;HME ADULTO TQT COVIDIEN DAR TM;0.00;19/12/2025
BIS;HOJA BISTURI N° 22;0.00;19/12/2025
10906;HOJAS DE BISTURI N°11;0.00;19/12/2025
11008;Ibuprofeno 600;0.00;19/12/2025
10805;Ibuprofeno comp x 10;0.00;19/12/2025
10764;IBUPROFENO PEDIATRICO 4%;2,065.46;19/12/2025
10901;Improval 500;0.00;19/12/2025
12019;INMOVILIZADOR DE CODO;0.00;19/12/2025
LIM 130;Insecticida mata cucarachas x 390cc;5,017.92;22/1/2026
LIMP23;Insectisida en aerosol 360cc;0.00;19/12/2025
229;IODOPOVIDONA 10% 100 ML;10,248.50;19/12/2025
7369;IODOPOVIDONA 10% X 1 LITRO ;28,926.40;19/12/2025
508;IODOPOVIDONA 10% X 250 ML;13,381.68;19/12/2025
7326;IODOPOVIDONA 10% X 500 CC;21,852.40;19/12/2025
9024;IODOPOVIDONA 5% SOLUCION JABONOSA 1LITRO;0.00;19/12/2025
10471;IODOPOVIDONA 5% SOLUCION JABONOSA 500 CC;0.00;19/12/2025
10472;IODOPOVIDONA 5% SOLUCION JABONOSA X 250 CC;15,542.70;19/12/2025
10915;Iodopovidona de 60cc;0.00;19/12/2025
C004;IRUXOL con auditoria medica x fcia de red;0.00;19/12/2025
M-07;IRUXOL UNG 50 GRS;117,395.28;19/12/2025
IRUXOL;IRUXOL UNGUENTO 200 GRS;0.00;19/12/2025
M-26;IRUXOL UNGUENTO X 30 GR;70,833.10;19/12/2025
LIM 128;Jabon liquido x 1l;0.00;19/12/2025
LIMP19;Jabón liquido x 250ml;0.00;19/12/2025
LIMP 99;JABON TOCADOR;938.51;23/1/2026
10916;Jarra humificadora descartable;38,167.68;19/12/2025
490;JERINGA  1ML CON AGUJA;0.00;19/12/2025
7355;JERINGA 1 ML TUBERCULINA;67.06;19/12/2025
512;JERINGA 10 ML;117.06;19/12/2025
513;JERINGA 20 ML;174.52;19/12/2025
7356;JERINGA 3 ML;70.00;19/12/2025
514;JERINGA 5 ML;80.80;19/12/2025
515;JERINGA 50/60 ML;474.58;19/12/2025
12040;JERINGA 60 ML PUNTA LUER LOCK;479.98;19/12/2025
7331;JERINGA INSULINA;0.00;19/12/2025
7332;JERINGA THOOMEY - PICO ANCHO 60CM;478.00;19/12/2025
234;JERINGAS 10 ML PUNTA LUER LOCK;0.00;19/12/2025
235;JERINGAS POSIFLUSH 3ML;0.00;19/12/2025
00011;JEVITY PLUS 1000 ML;0.00;19/12/2025
10912;JEVITY RTH x 1000ml ABBOTT;0.00;19/12/2025
3696;KIT COVID (CAMISOLIN-BOTAS-COFIA);782.80;19/12/2025
10751;KIT DESCARTABLE OXIGENO;0.00;19/12/2025
10730;KIT NEBULIZACIONES P/ TQT HUDSON REF. 1882;0.00;19/12/2025
11014;Kit sonda aspiracion G-33 MOD G3335K - N&G;0.00;19/12/2025
11932;LACLORHEX JABON LIQUIDO X 250 ML;0.00;19/12/2025
10759;LACTULOM JARABE.;0.00;19/12/2025
LIM 122;Lana de acero (Virulana ).Pack de 10 unidades;0.00;19/12/2025
10732;LANOLINA VASELINA UNG. OFT. 3,5 GR;0.00;19/12/2025
LIB41;Lapicera azul trazo grueso x50 unidades;0.00;19/12/2025
LIB40;Lapicera negra trazo grueso x50 unidades;0.00;19/12/2025
LIB9;Lapicera roja x unidad;0.00;19/12/2025
LIB53;Lapicera trazo fino azul x unidad;0.00;19/12/2025
LIB38;Lapicera trazo fino azul x50 unidades;0.00;19/12/2025
LIB50;Lapicera trazo fino negra x unidad;0.00;19/12/2025
LIB39;Lapicera trazo fino negra x50 unidades;0.00;19/12/2025
LIB52;Lapicera trazo grueso azul x unidad;0.00;19/12/2025
LIB51;Lapicera trazo grueso negra x unidad;0.00;19/12/2025
LIB25;Lápiz;0.00;19/12/2025
LIB42;Lápiz corrector (borra tinta)  7ml.;0.00;19/12/2025
127;Lapiz Negro;0.00;19/12/2025
LIB;Lapìz negro;0.00;19/12/2025
LIMP8;Lavandina en gel 700 ml.;0.00;19/12/2025
LIMP9;Lavandina líquida 1 lt.;0.00;19/12/2025
10473;LECHE BIFIDOSA 500 ;0.00;19/12/2025
1266;LECHE FORTINI 400GR;55,025.80;19/12/2025
10601;LECHE KASS 1000 DESLACTOSASA;0.00;19/12/2025
10698;LECHE LACTOPTROTEYN X 250 GR;0.00;19/12/2025
7435;LECHE NAN  SIN LACTOSA X 400GRS;0.00;19/12/2025
10976;LECHE NEOCATE LATA 400GR;0.00;19/12/2025
NUTRI 2;LECHE NUTRILON 2 PROFUTURA 800GR;54,019.00;19/12/2025
10474;LECHE NUTRILON PRO EXPERT X 800GRS;0.00;19/12/2025
NUTRI 1;LECHE NUTRILON PROFUTURA 1 x 800GR;0.00;19/12/2025
10989;LECHE NUTRILON SIN LACTOSA X 800 GR;0.00;19/12/2025
10776;Leche Peti Junior x400;0.00;19/12/2025
10755;Leche sancor bebe 2 x 200ml;0.00;19/12/2025
10475;LECHE SANCOR BEBE 2 X 500 ML;0.00;19/12/2025
7436;LECHE SANCOR BEBE 2 X 800 GR;0.00;19/12/2025
10540;LECHE SANCOR BEBE 3 X 1LT;0.00;19/12/2025
10476;LECHE SANCOR BEBE 3 X 800 GR;0.00;19/12/2025
10554;LECHE SUSTENTA JUNIOR SIN LACTOSA X 400GR;0.00;19/12/2025
A-09;LECHE VITAL  Nº 3 DE 800 G;0.00;19/12/2025
9094;LECHE VITAL N° 1 DE 800 G;0.00;19/12/2025
9095;LECHE VITAL N° 2 DE 800 G;0.00;19/12/2025
10477;LECHE VITAL N° 3 DE 200ML;0.00;19/12/2025
10478;LECHE VITAL N°3 X 250ML;0.00;19/12/2025
10658;LECHE VITAL RR 350GR;0.00;19/12/2025
LIB37;Lenguetas para carpetas colgantes;0.00;19/12/2025
516;LIDOCAINA 2% 25 ML;5,504.60;19/12/2025
9165;LIDOCAINA 50ML;8,542.82;19/12/2025
9026;LIMPIADOR PIEL COLOPLAST X 180 REF 4710;0.00;19/12/2025
10979;Linea doble rama Pediatrico ASTRAL (original);0.00;19/12/2025
12013;Línea Pac doble rama Airox adulto;0.00;19/12/2025
7401;LINEA PAC DOBLE RAMA AIROX PEDIATRICA;0.00;19/12/2025
10479;LLAVE  3 VIAS CON PROLONGADOR 50CM;0.00;19/12/2025
LLA;LLAVE 3 VIAS;550.48;19/12/2025
D-76;LLAVE DE 3 VIAS C/ PROLONGADOR 30 CM;0.00;19/12/2025
97;LOGISTICA RECARGA TUBO BACK UP;0.00;19/12/2025
99;LOGISTICA RECARGA TUBO DE 6 MTS;0.00;19/12/2025
10772;LORATADINA PEDIATRICA;0.00;19/12/2025
LIMP17;Lysoform aerosol original 360 CC.;0.00;19/12/2025
LIB44;Macador al agua;0.00;19/12/2025
9083;MACRIL |ANDRÓMACO|CREMA X 20GR;0.00;19/12/2025
1956;MAMELUCO DESCARTABLE NO ESTÉRIL;0.00;19/12/2025
1018;MANGUERA CRISTAL X 4 METROS 1 UNIDAD;0.00;19/12/2025
10900;Manguera de succion para aspirador x mts;0.00;19/12/2025
1034;MANOMETRO;0.00;
10985;MANOMETRO PARA MEDICION DE LA PRESION DEL BALON DE TQT;0.00;19/12/2025
LIB18;MARCADOR INDELEBLE NEGRO PUNTA BISELADA;0.00;19/12/2025
LIB 106;Marcador para pizarra azul;0.00;19/12/2025
LIB 132;Marcador para pizarra negro;998.28;22/1/2026
LIB 105;Marcador para pizarra rojo;0.00;19/12/2025
LIB 107;Marcador para pizarra verde;0.00;19/12/2025
LIB7;Marcador permanente punta fina;0.00;19/12/2025
7384;MASCARA FACIAL;0.00;19/12/2025
7334;MASCARA PARA NBL;0.00;19/12/2025
7396;MASCARA PARA OXIGENO C/  RESERV. PEDIÁTRICO;0.00;19/12/2025
7454;MASCARA PARA OXIGENO C/ RESERV. ADULTO;0.00;19/12/2025
D-81;MASCARILLA PARA OXIGENO;0.00;19/12/2025
IN-02;MATERIAL DESCARTABLE;0.00;19/12/2025
1035;Medias antitromnoticas;112,892.60;13/2/2026
12049;MEDIDOR BALON TRAQUEO- AG CUFFILL;0.00;19/12/2025
9119;MEDIDOR DE GLUCEMIA Y DISPOSITIVO DE PUNCION;0.00;19/12/2025
MELATONINA;MELATOL 3MG;0.00;19/12/2025
11005;Metroclopimida 2 mg;0.00;19/12/2025
1017;MICONAZOL EN TALCO;0.00;19/12/2025
10986;MICRO NEBULIZADOR PARA TQT;0.00;19/12/2025
239;Microgotero con medidor volumetrico s/aguja;0.00;19/12/2025
6789;MODULO MEDICACION;0.00;19/12/2025
4514;MODULO NUTRICIONAL ENTERAL BESTCARE;0.00;19/12/2025
LIMP49;Mopa con mango;0.00;19/12/2025
LIB94;Mouse Inalambrico;0.00;19/12/2025
11020;MUCOSUCTOR PEDATRICO;0.00;19/12/2025
9084;MUPIROCINA |INVESTI|CREMA X 15GR (PALDAR);0.00;19/12/2025
9069;NIDO FORTIGROW DESLACTOSADA X 400GR.;0.00;19/12/2025
LIB45;Nota adhesiva 50x50mm;0.00;19/12/2025
LIB20;Notas adhesivas (Post it) 36x51 mm.Pack de 4 unidades de 100 unidades;0.00;19/12/2025
LIB4;Notas autoadhesivas (Post it)  38x50 mm 100 hojas x4 unidades;0.00;19/12/2025
LIB31;Notas Autoadhesivas (Post it)  72 x 74mm.Pack de100 hojas;0.00;19/12/2025
10771;NOVALGINA;0.00;19/12/2025
10480;NUTRAMIGEN LGG 357GR;0.00;19/12/2025
10481;NUTRICIA BAGO KAS1000 X 400GR SIN LACTOSA;0.00;19/12/2025
11011;NUTRILON 2 DE 200 ML;0.00;19/12/2025
10482;NUTRILON PROEXPERT PEPTI JUNIOR X 400;0.00;19/12/2025
5263;NUTRILON PROFUTURA 3 X 200 ML;0.00;19/12/2025
9070;NUTRILON PROFUTURA 3 X 800GRS;0.00;19/12/2025
7635;NUTRILON PROFUTURA 4 X 800 GRS;0.00;19/12/2025
A-02;NUTRILON SIN LACTOSA X 350GR;0.00;19/12/2025
9071;NUTRINI 1.0 ML |NUTRICIA BAGO| X 500ML;0.00;19/12/2025
10677;Nutrison advanced diason x 1000 ml;0.00;19/12/2025
NUTSO;NUTRISON ADVANCED PROTISON 500ML;0.00;19/12/2025
10663;NUTRISON ENERGY 1500KL X 1000ML;0.00;19/12/2025
A-04;NUTRISON X 1000 ML;0.00;19/12/2025
10300;OBTURADORES DE JERINGAS;0.00;19/12/2025
9072;OLEO CALCÁREO 500ML;5,659.20;19/12/2025
072;Oleo Calcareo con aloe vera y vitamina A x 1 lt;0.00;19/12/2025
10483;OLEO CALCAREO X 1LT;9,212.00;19/12/2025
10484;OLEO CALCAREO X250;0.00;19/12/2025
OMEP20;OMEPRAZOL SUSPENSION;33,220.80;19/12/2025
OSM;OSMOLITE HN 1000ML;0.00;19/12/2025
OSTEL100;OSTELIM POTENCIA 100 X 10ML;0.00;19/12/2025
11935;OSTELIN ACD SOL 20 ML;0.00;19/12/2025
11912;OXIBUTININA SUSPENSIO;0.00;19/12/2025
12061;OXICIDO DE ZINC X 50GR;0.00;19/12/2025
12026;OXIDO DE ZIC 100 mg (ungüento );38,311.88;19/12/2025
12033;OXIDO DE ZINC 250GR;0.00;19/12/2025
INS 1018;Oxido de zinc x 50g;0.00;19/12/2025
2705;OXIGENO ESP DOMICILIARIO RECARGA 27M3 T;0.00;19/12/2025
OXIPUL;OXIMETRO DE PULSO PORTÁTIL;0.00;19/12/2025
LIMP 110;Pala con cabo;3,361.40;23/1/2026
LIMP72;PALA RESIDUOS CON MANIJA;0.00;19/12/2025
10758;PANTOPRAZOL 10 MG;0.00;19/12/2025
10812;PANTOPRAZOL DE 40 MG;0.00;19/12/2025
9073;PAÑAL  - INCONTINENCIA INTENSA - TALLE M;0.00;19/12/2025
C022;PAÑAL A DEFINIR;0.00;19/12/2025
10659;PAÑAL ADULTO COMODIN ULTRA ELASTIZADO ANATOMICO XL;951.72;19/12/2025
INSU;PAÑAL ADULTO COMODIN ULTRA ELASTIZADO ANATOMICO XL (SEGUNDA SELECCION);0.00;19/12/2025
10485;PAÑAL ADULTO NONINO PLUS XG;971.32;19/12/2025
10486;PAÑAL ADULTO NONISEC BASIC  G;0.00;19/12/2025
10487;PAÑAL ADULTO NONISEC ULTRA  XG;0.00;19/12/2025
10488;PAÑAL ADULTO NONISEC ULTRA  XXG;0.00;19/12/2025
10489;PAÑAL ADULTO PLENITUD CLASSIC G ;0.00;19/12/2025
10490;PAÑAL ADULTO PLENITUD PROTEC G ;1,940.52;19/12/2025
10998;PAÑAL ADULTO PLENITUD PROTEC XG;1,940.52;19/12/2025
9144;PAÑAL ADULTO PLENITUD PROTECT M;1,940.52;19/12/2025
2706;PAÑAL ANATÓMICO JUVENIL M- NONISEC ULTRA;908.46;19/12/2025
10972;PAÑAL BABY XXG;677.74;19/12/2025
10665;PAÑAL COMODIN ANATOMICO M;890.06;19/12/2025
PAÑJUV;PAÑAL DESCARTABLE JUVENIL M- COMODIN;914.64;19/12/2025
10560;PAÑAL GOODNITES PEQ/MED;4,412.52;19/12/2025
10200;PAÑAL GOODNITES XL;0.00;19/12/2025
12035;PAÑAL HENNIA  XG ADULTO;0.00;19/12/2025
12039;PAÑAL HUGGIES XG;471.74;19/12/2025
10988;PAÑAL INDASLIP XL9;0.00;19/12/2025
10491;PAÑAL INFANTIL PAMPERS SUPERSEC M;0.00;19/12/2025
9149;PAÑAL INFANTIL PAMPERS SUPERSEC XG;0.00;19/12/2025
10742;PAÑAL INFANTIL PAMPERS TALLE G;589.16;19/12/2025
10531;PAÑAL PAMPERS CONFORT SEC P;0.00;19/12/2025
10530;PAÑAL PAMPERS CONFORT SEC XG;589.16;19/12/2025
12063;PAÑAL PAMPERS DELUXE XG x 96;0.00;19/12/2025
109800;PAÑAL PAMPERS PREMIUM CARE G;609.76;19/12/2025
10673;PAÑAL PLENITUD PROTEC PLUS (INCONTINENCIA INTENSA) EG;1,940.52;19/12/2025
10602;PAÑAL PLENITUD XG;1,577.96;19/12/2025
9148;PAÑALES ADULTOS ANATOMICO COMODIN XXL;0.00;19/12/2025
10492;PAÑALES ADULTOS L;0.00;19/12/2025
10493;PAÑALES ADULTOS M;1,056.78;19/12/2025
10494;PAÑALES ADULTOS S;0.00;19/12/2025
10495;PAÑALES ADULTOS XL;493.68;19/12/2025
9145;PAÑALES ADULTOS XL COMODIN;653.02;19/12/2025
9147;PAÑALES ADULTOS XL NONISEC BASICO;541.78;19/12/2025
10496;PAÑALES ADULTOS XXL;744.28;19/12/2025
10965;PAÑALES COMODIN ULTRA ELASTIZADOS ANATOMICOS G;924.00;19/12/2025
10695;PAÑALES ESTRELLA JUNIOR;564.44;19/12/2025
11939;PAÑALES ESTRELLAS BABY CARICIAS DE ALGODÓN;0.00;19/12/2025
10302;PAÑALES HUGGIES XXG;640.66;19/12/2025
10603;PAÑALES INDA SLIP TALLE M;2,220.68;19/12/2025
12012;Pañales Indaslip L10;0.00;19/12/2025
10549;PAÑALES INDASLIP PREMIUM S;1,872.54;19/12/2025
10842;PAÑALES INDASLIP TALLE L;2,321.62;19/12/2025
10692;PAÑALES INFANTIL BABY SEC TALLE XG;556.20;19/12/2025
INS 1017;Pañales infantiles Babysec soft premium XXL;609.76;19/12/2025
9114;PAÑALES INFANTILES TALLE G;447.02;19/12/2025
9113;PAÑALES INFANTILES TALLE M;407.88;19/12/2025
9112;PAÑALES INFANTILES TALLE S;0.00;19/12/2025
9115;PAÑALES INFANTILES TALLE XG;0.00;19/12/2025
10497;PAÑALES INFANTILES TALLE XXG;652.24;19/12/2025
10210;PAÑALES INTERIOR CLASSIC PANT PLENITUD G/XG;3,400.40;19/12/2025
10991;Pañales pampers Confort sec extra plus XXG;0.00;19/12/2025
930316.1;PAÑALES PAMPERS CONFORT SEC HIPOALERGENICOS TALLE XXG;718.94;19/12/2025
10671;PAÑALES PAMPERS PREMIUM CARE XXG;861.08;19/12/2025
10498;PAÑALES PLENITUD ( BOLSA VIOLETA ) G;0.00;19/12/2025
9092;PAÑO JABONOSO 20 X 20 (PAQUETE X 20);3,862.50;19/12/2025
PAÑO;PAÑOS JABONOSOS 20 X 20 ( PAQUETE DE 10);0.00;19/12/2025
O-50;PAPAGAYO;0.00;19/12/2025
LIB96;Papel carbonico pack de 50 hojas;0.00;19/12/2025
LIMP2;Papel higienico 1 bolson x 30 rollos;0.00;19/12/2025
LIMP108;Papel higienico pack x 4 unidades x 80mts;3,094.00;22/1/2026
LIB93;Papel madera bobina;0.00;19/12/2025
12018;PAR DE TALONERA PARA PREVENIR ESCARAS EN FIBRA SINTÁCTICA X 2;0.00;19/12/2025
10781;Paracetamol 1 gr. X 50 comp;0.00;19/12/2025
11930;PARACETAMOL GOTAS 50 ML;0.00;19/12/2025
10499;PARCHES OCULARES PEDIATRICO ;0.00;19/12/2025
10208;PASTA KARAYA;0.00;19/12/2025
10778;Pasta lassar;3,168.28;19/12/2025
11942;pediasure clinical x 500;0.00;19/12/2025
7410;PEDIASURE COMPLETE X 400GR;0.00;19/12/2025
10763;PEDIASURE VAINILLA 220 ML;14,891.30;19/12/2025
LIB 102;PERFORADORA AGUJEREADORA METALICA;0.00;19/12/2025
PERV;PERVINOX JBN ESP TRADIC X 240 ML;15,723.98;19/12/2025
PERVI500ML;PERVINOX SOLUCION 500 ML;25,152.60;19/12/2025
PER;PERVINOX SPRAY 40ML;12,221.98;19/12/2025
LIB76;Pila AA;0.00;19/12/2025
LIB81;Pila AAA;0.00;19/12/2025
9085;PLAC-OUT |BERNABO|CLORHEXIDINA 0,12% COLUTORIO X 200ML;16,055.64;19/12/2025
PLAT;PLATSUL 30GR;12,907.40;19/12/2025
M-11;PLATSUL A CREMA X 350;142,710.62;19/12/2025
7380;PLATSUL X 200 GR;65,981.80;19/12/2025
10500;PLATSUL X400 GR;52,684.50;19/12/2025
10925;POLIETILEGLICOL BAREX SOBRES X 30;0.00;19/12/2025
9028;POLVO DE OSTOMIA 25G;0.00;19/12/2025
9091;POMADA HIPOGLOS (ANDROMACO) X 50 GRS;22,519.92;19/12/2025
9029;POMADA TIPO HIPOGLOS X100GRS;44,625.78;19/12/2025
LIB126;Porta planillas;0.00;19/12/2025
LIB 130;Porta taco cubo 9x9;0.00;19/12/2025
10810;Povitiol Incoloro Spray x 60ml;0.00;19/12/2025
FERR;Presintos Plasticos negros;0.00;19/12/2025
12010;PROCTO-METADYNE;13,855.56;19/12/2025
11100;Prolongador 2,8 MM/15 cm;0.00;19/12/2025
10529;PROLONGADOR 30CM;0.00;19/12/2025
11921;Prolongador Bifurcado con Válvula autosellante para vía PICC;0.00;19/12/2025
10528;PROLONGADOR BT 20- 50 CM;0.00;19/12/2025
11000;PROLONGADOR DE OXIMETRO 6M;0.00;19/12/2025
484;PROLONGADOR PT 26/100CM;0.00;19/12/2025
9030;PROLONGADOR PT 26/150;960.00;19/12/2025
9031;PROLONGADOR PT26/050;0.00;19/12/2025
3990;PROLONGADOR PT35;0.00;19/12/2025
470;PROLONGADOR T23 BT20 2.20MT;0.00;19/12/2025
C018;PROLONGADORES A DEFINIR;0.00;19/12/2025
10956;PROTEINA+ GRASA + CARBOHID+ ASOC.DIBEN X 500 ML;0.00;19/12/2025
11110;PROTEINA+ GRASA + CARBOHID+ ASOC.FRESUBIN ENERGY X 500 ML;0.00;19/12/2025
10770;PULMOSAN PEDIATRICO;0.00;19/12/2025
6589;PULVERIZADOR SANITIZANTE 250 ML;0.00;19/12/2025
10891;QUETIAPINA 100 MG X 30 COMP;0.00;19/12/2025
11960;RAQUIFEROL D3 (COLECALCIFEROL GOTAS SOLUCIÓN ORAL 4ML);0.00;19/12/2025
4500;RECARGA CILINDRO DE OXIGENO;0.00;19/12/2025
O-19;RECARGA DE TUBO OXIGENO;0.00;19/12/2025
4501;RECARGA MOCHILA;0.00;19/12/2025
98;RECARGA TUBO DE 6 MTS;0.00;19/12/2025
10966;REFUERZA PAÑAL COMODIN G;337.84;19/12/2025
10757;REFUERZA PAÑAL M;381.10;19/12/2025
10604;REFUERZA PAÑAL XG;484.10;19/12/2025
LIB77;Regla 20 cm;0.00;19/12/2025
LIB30;Regla 30 cm;0.00;19/12/2025
240;REGULADOR DE FLUJO UNIFLOW;0.00;19/12/2025
LIMP 105;Repuesto canasta inodoro;0.00;19/12/2025
LIMP40;Repuesto de detergente 750 ml;0.00;19/12/2025
11999;Repuesto de jabon liquido 500ml;0.00;19/12/2025
LIMP41;Repuesto detergente 450ml;0.00;19/12/2025
LIMP18;Repuesto para inodoro glade;0.00;19/12/2025
LIB12;Resaltador amarillo;0.00;19/12/2025
LIB32;Resaltador naranja;0.00;19/12/2025
LIB33;Resaltador verde;0.00;19/12/2025
LIB8;Resma A4 75 grs;0.00;19/12/2025
LIPM112;Respuesto de jabon liquido de 1l;0.00;19/12/2025
M-13;RISPERIDONA SOLUCION ORAL X100;0.00;19/12/2025
LIB35;Roller borrable GEL PIZZINI (Lapicera borrable);0.00;19/12/2025
360;ROLLO DE PAPEL 30cm;0.00;19/12/2025
10970;ROLLO DE VENDA ELASTICA;0.00;19/12/2025
58ROPA/INT/P/INC. 8;ROPA INTERIOR P/INCONTINENCIA PLENITUD PROTEC M;0.00;19/12/2025
12017;ROTADOR PARA CAMBIOS DE DECÚBITOS ANTI ESCARAS;0.00;19/12/2025
12060;RPS II KIT DE VS-II;0.00;19/12/2025
LIB43;Saca ganchos;0.00;19/12/2025
LIB19;Sacapuntas;0.00;19/12/2025
1272;SALBUTAMOL;0.00;19/12/2025
9166;SANCOR BEBE 1;0.00;19/12/2025
11931;SANITISANTE DE PIEL CON CLORHEXIDINA 250 ML;0.00;19/12/2025
5588;SANITIZANTE ACUOSO (RIFOCINA) SPRAY X 30 ML;0.00;19/12/2025
241;SANITIZANTE DESINFECTANTE 1LT  COVID19;0.00;19/12/2025
4659;SANITIZANTE ESPUMA LIQUIDA P/MANOS EN AEROSOL X 70GR SMELL FRESH;0.00;19/12/2025
LIMP55;Secador de goma base de plástico;0.00;19/12/2025
1436;SECALBUM X 250 GR;192,059.98;19/12/2025
SEN DESC;SENSOR DESCARTABLE PARA OXIMETRO;26,765.58;19/12/2025
SEN PED DESC;SENSOR DESCARTABLE PEDIATRICO;26,765.58;19/12/2025
7408;SENSOR MAXINI;26,765.58;19/12/2025
SENNON;SENSOR NONIN;0.00;19/12/2025
11200;SENSOR PARA SATUROMETRO (Marca OXIMAX N560);0.00;19/12/2025
SENPEDSAT;SENSOR PEDIATRICO DESCARTABLE PARA SATURÓMETRO;26,765.58;19/12/2025
9033;SENSOR PEDIATRICO/ADULTO SPO2;25,438.94;19/12/2025
SEN PED;SENSORES DE OXIMETRO DE PULSO TIPO NELLCOR NEONATAL (NO PINZA);0.00;19/12/2025
LIB69;Señalador banderita colores surtidos;0.00;19/12/2025
LIB80;Separador 5 posiciones tamaño A4;0.00;19/12/2025
10907;SERETIDE 25/125 MCG X 120 DOSIS;0.00;19/12/2025
LIMP3;Servilletas en rollo 1bolson x 8 unidades;0.00;19/12/2025
LIMP1;Servilletas intercaladas caja x 2500 unidad;0.00;19/12/2025
10908;Set de Alimentación Biomax 500 ( Cod FDB018);9,191.72;19/12/2025
SBBA;SET DE BOMBA PARA ALIMENTACION KANGAROO 324;0.00;19/12/2025
10774;SET DE CIRCUITO CERRADO DE ASPIRACION O SUCCION TRAQUEAL (CALIBRE 16 FRENCH);165,661.08;19/12/2025
10803;SET DE INFUSION PARA ALIMENTACION POR BOMBA SILMAG 20 FRENCH;0.00;19/12/2025
5869;SET MANGUERA T63;0.00;19/12/2025
9074;SET PARA NEBULIZAR  TRAQUEOTOMIA;0.00;19/12/2025
10923;SIMETICONA GOTAS;0.00;19/12/2025
LIB65;Sobre papel madera, 27 x 37 cm. Pack de 100 unidades;0.00;19/12/2025
LIB61;Sobre papel madera, 30 x 40cm. Pack de 10 unidades;0.00;19/12/2025
LIB10;Sobre papel madera, 80g. 22 x 32cm. Pack de 10 unidades;0.00;19/12/2025
11910;SOLUCION ACUOSA DE CLORHEXIDINA AL 2% X 100 ML;0.00;19/12/2025
DEX250;SOLUCION DEXTROSA X 250 ML;0.00;19/12/2025
BB111;SOLUCION DEXTROZA X 500 ML;0.00;19/12/2025
5058;SOLUCIÓN FISIOLÓGICA AMPOLLA DE VIDRIO 5 ML;1,033.62;9/2/2026
9034;SOLUCION FISIOLOGICA AMPOLLA PLASTICO X 10 ML;758.88;19/12/2025
7339;SOLUCION FISIOLOGICA AMPOLLA PLASTICO X 5 ML;606.00;19/12/2025
7337;SOLUCION FISIOLOGICA X 100 ML;2,515.90;19/12/2025
242;SOLUCIÓN FISIOLÓGICA X 1LT;3,897.52;19/12/2025
7338;SOLUCION FISIOLOGICA X 250 ML;2,317.50;19/12/2025
BB110;SOLUCION FISIOLOGICA X 500 ML;2,890.00;19/12/2025
SONDA ALIMENT K 30;SONDA ALIMENT K 30 ;0.00;19/12/2025
107802;SONDA ASPIRACION 2,8MM 8FR;0.00;19/12/2025
9035;SONDA ASPIRACION ASPISON CAT179;0.00;19/12/2025
10667;SONDA ASPIRACION B-29P (BT-3529P);545.90;19/12/2025
4855;SONDA ASPIRACION CANULA UNIPERF.25CM GT-25 PI - CEEMED;0.00;19/12/2025
9123;SONDA ASPIRACION CON REGULADOR TIPO K 26P  (SA-31 KOLER);1,029.52;19/12/2025
7340;SONDA ASPIRACION CON REGULADOR TIPO K 28P (SA-30 KOLER);1,020.58;19/12/2025
10501;SONDA ASPIRACIÓN CON REGULADOR TIPO K 29P (SM-40P KOLER);1,320.56;19/12/2025
BB123;SONDA ASPIRACION CON REGULADOR TIPO K 32P (SM-50P KOLER);1,320.56;19/12/2025
9111;SONDA ASPIRACION K 29 CON REGULADOR (NOVA MED O KANGUYAN);518.82;19/12/2025
9222;SONDA ASPIRACION K 30 CON REGULADOR ;570.86;19/12/2025
2345;SONDA ASPIRACIÓN K 31 CON REGULADOR ;579.02;19/12/2025
SOND K28;SONDA ASPIRACION K28;514.80;19/12/2025
9151;SONDA ASPIRACIÓN K29;515.60;19/12/2025
10502;SONDA ASPIRACION K30 SHINOBI;1,305.22;19/12/2025
10503;SONDA ASPIRACION KOLER SA-33 TIPO K24;0.00;19/12/2025
7386;SONDA ASPIRACION N°6 210-06 (SILMAG);0.00;19/12/2025
10902;SONDA ASPIRACION TIPO K 32 (SM-50 KOLER);0.00;19/12/2025
10987;SONDA B30P de ASPIRACION - BIOM;531.48;19/12/2025
10688;SONDA CON PROLONGADOR G-2935;0.00;19/12/2025
10504;SONDA CON REGULADOR  K 31 SHINOBI;0.00;19/12/2025
10899;SONDA DE ALIMENTACION NASOGASTRICA IK-33 INTRATUB;0.00;19/12/2025
C005;SONDA DE ASPIRACION A DEFINIR;0.00;19/12/2025
K29;SONDA DE ASPIRACION K29 (SM-40 KOLER);1,248.36;19/12/2025
SDA30;SONDA DE ASPIRACION K30 KOLER;661.26;19/12/2025
12042;SONDA DE ASPIRACION SILICONADA 210-08 SILMAG;0.00;19/12/2025
63SON/AS/TI.K-30PC/R;SONDA DE ASPIRACION TIPO K-30P;0.00;19/12/2025
11121;SONDA FOLEY 2 VIAS Nº 10;1,225.70;19/12/2025
104;SONDA FOLEY 2 VIAS Nº 12;1,225.70;19/12/2025
9856;SONDA FOLEY 2 VIAS Nº 14;1,225.70;19/12/2025
10507;SONDA FOLEY 2 VIAS Nº 14 SILICONADA;3,825.42;19/12/2025
518;SONDA FOLEY 2 VIAS Nº 16;1,225.70;19/12/2025
10508;SONDA FOLEY 2 VIAS Nº 16 SILICONADA;3,714.00;19/12/2025
BB116;SONDA FOLEY 2 VIAS Nº 18;1,225.70;19/12/2025
10509;SONDA FOLEY 2 VIAS Nº 18 SILICONADA;3,744.92;19/12/2025
BB115;SONDA FOLEY 2 VIAS Nº 20;1,225.70;19/12/2025
10510;SONDA FOLEY 2 VIAS Nº 20 SILICONADA;3,714.00;19/12/2025
BB114;SONDA FOLEY 2 VIAS Nº 22;1,225.70;19/12/2025
10511;SONDA FOLEY 2 VIAS Nº 22 SILICONADA;3,683.36;19/12/2025
10505;SONDA FOLEY 2 VIAS Nº 24;1,225.70;19/12/2025
10506;SONDA FOLEY 2 VIAS Nº 24 SILICONADA;3,825.42;19/12/2025
12043;SONDA FOLEY 3 VIAS 18FR SILICONADA;0.00;19/12/2025
10981;SONDA FOLEY 3 VIAS Nº 18;1,225.70;19/12/2025
C021;SONDA FOLEY A DEFINIR;0.00;19/12/2025
FOL014;SONDA FOLEY SILICONADA 3 VIAS Nº14;0.00;19/12/2025
7341;SONDA K30 ASPIRACION;480.00;19/12/2025
7343;SONDA K32 ASPIRACION;488.00;19/12/2025
244;SONDA MIC- KEY 121 -12 FINA 18FR;80,991.80;19/12/2025
246;SONDA MIC- KEY 123 -12 GRUESA 18FR;80,991.80;19/12/2025
C016;SONDA NASOGASTRICA DE DEFINIR;0.00;19/12/2025
BB122;SONDA NASOGASTRICA K 108;8,604.32;19/12/2025
7342;SONDA NASOGASTRICA K 31 (S-23 KOLER);1,130.94;19/12/2025
9038;SONDA NASOGASTRICA K 33 (S-20 KOLER);1,098.00;19/12/2025
D-98;SONDA NASOGASTRICA K29;529.42;19/12/2025
D-99;SONDA NASOGASTRICA K30;514.00;19/12/2025
10512;SONDA NASOGASTRICA K-30 (10 FR);436.00;19/12/2025
7230;SONDA NASOGASTRICA K-30 (S-28 KOLER);1,130.94;19/12/2025
487;SONDA NASOGÁSTRICA K-35 (S-14 KOLER);1,130.94;19/12/2025
391-12;SONDA NASOGASTRICA K9 SILMAG 391-12;35,909.92;19/12/2025
497;SONDA NASOGÁSTRICA SILICONADA 391-16 SILMAG;35,460.20;19/12/2025
1532;SONDA NASOGÁSTRICA SILICONADA 392-7 SILMAG;35,269.26;19/12/2025
498;SONDA NASOGÁSTRICA SILICONADA 392-9 SILMAG;36,141.00;19/12/2025
392-06;SONDA NASOGASTRICA SILMAG 392-06;0.00;19/12/2025
250;SONDA NELATON  URETRAL K 95 Nº16;0.00;19/12/2025
10555;SONDA NELATON GOMA ROJA 16FR;442.90;19/12/2025
249;SONDA NELATON URETRAL  K 96 Nº18;0.00;19/12/2025
9076;SONDA NELATON URETRAL K 92 Nº 8;0.00;19/12/2025
7387;SONDA NELATON URETRAL K 92 Nº 8 (KOLER);0.00;19/12/2025
7381;SONDA NELATON URETRAL K 93 Nº12;0.00;19/12/2025
10513;SONDA NELATON URETRAL K 93 Nº12 (KOLER);0.00;19/12/2025
D-97;SONDA NELATON URETRAL K 97 N°10 (KOLER);0.00;19/12/2025
9785;SONDA NELATON URETRAL K 97 Nº10;0.00;19/12/2025
7389;SONDA P/ INHALACIÓN DE OXÍGENO O SUCCIÓN MUCUS 230-09;0.00;19/12/2025
11130;Sonda para aspiración G-31 MOD G3135K;0.00;19/12/2025
10802;SONDA SILICONADA DE ALIMENTACION Nº 7 SILMAG;0.00;19/12/2025
1030;SONDA SILICONADA DE ASPIRACION N8 SILMAG;0.00;19/12/2025
107800;SONDA SPEEDICATH . COD. 28412;0.00;19/12/2025
107801;SONDA SPEEDICATH COMPACT SET COD.28422;0.00;19/12/2025
10514;SONDA TOMFAC FIRST K10;0.00;19/12/2025
10551;Sonda Urinaria Femenina Coloplast 28512 sin látex;11,051.90;19/12/2025
10552;Sonda Urinaria Femenina Coloplast 28812 Speedicath Compact Plus sin latex;17,547.08;19/12/2025
SDA33;SONDA VESICAL K33;0.00;19/12/2025
1031;SONDAS DE ASPIRACION FENESTRADA K30 CON REGULADOR;0.00;19/12/2025
251;SONDAS K-10 SNG;0.00;19/12/2025
10791;Sondas K-11;0.00;19/12/2025
252;SONDAS K-9 SNG;0.00;19/12/2025
K33PG;SONDAS PARA ASPIRACION  K-33P;0.00;19/12/2025
SONSHI K-31;SONDAS SHINOBI K-31 NASOGASTRICA;0.00;19/12/2025
10792;Soporte de catéter extensible;0.00;19/12/2025
12008;Speedicath Compact Plus Coloplast 28810;0.00;19/12/2025
11934;SUCRALMAX;0.00;19/12/2025
10793;Suero fisiológico cloruro de sodio ampolla vidrio x 9 ml;784.86;19/12/2025
2022;SUERO SOLUCIÓN RINGER LACTATO 500 ML ;0.00;19/12/2025
10652;SUJETADOR DE TRAQUEOTOMÍA PEDIÁTRICO YAFHO (REF 601103);0.00;19/12/2025
11899;SUJETADOR P/TUBO ENDOTRAQUEAL;0.00;19/12/2025
10921;SULFATO DE ZINC;0.00;19/12/2025
10691;SUPLEMENTO FORTINI COMPACT MULTI FIBRE 125ml;0.00;19/12/2025
10994;SUPPORTAN 500ml EB;0.00;19/12/2025
LIMP52;Tableta 12 unidades Fuyi/Raid;0.00;19/12/2025
LIB17;Taco de color 90x90mm.Pack 400 hojas;0.00;19/12/2025
10924;TALCO COPORAL X 500;0.00;19/12/2025
4585;TAPA FRASCO ASPIRADOR;0.00;19/12/2025
LIB59;Tapa para encuadernar A4 azul x 50 unidades;0.00;19/12/2025
LIB47;Tapa para encuadernar A4 negro x 50 unidades;0.00;19/12/2025
LIB58;Tapa para encuadernar A4 transparente x 50 unidades;0.00;19/12/2025
253;TAPÓN DE PICC;0.00;19/12/2025
254;TAPÓN DE PICC C/PROLONGADOR;0.00;19/12/2025
9124;TAPON TERAPIA INTERMITENTE;277.70;19/12/2025
10102;TELA |OPER TAPE| P/FIJACION 10MT.X 5 CM. |IHT|;0.00;19/12/2025
10974;TELA ADHESIVA MICROPOR / NO TEJIDA 2.5;564.44;19/12/2025
1TEN;TENSIÓMETRO;0.00;19/12/2025
10741;Tensiometro aneroide;0.00;19/12/2025
TEN;TENSIOMETRO CON ESTETOSCOPIO;0.00;19/12/2025
11937;TERMOFREN GOTAS X 20 ML;0.00;19/12/2025
9127;TERMOMETRO;0.00;19/12/2025
LIB10606;TIJERA;0.00;19/12/2025
10607;TIJERA INSTRUMENTAL PARA CLAMPEO;0.00;19/12/2025
LIB82;Tiner para impresora Brother DCP 1610;0.00;19/12/2025
LIB101;Tinta para sellos;0.00;19/12/2025
LIB54;Tinta para sellos de goma rolón negra, 70cc;0.00;19/12/2025
245;TOALLAS DE PAPEL X 100;0.00;19/12/2025
10675;TOALLAS HUMEDAS HUGGIES TRIPLE PROTECCION X 96 UNIDADAES;11,470.08;19/12/2025
12069;TOALLITA HUMEDA ADULTO;0.00;19/12/2025
255;TOALLITAS DE ALCOHOL 70%;0.00;19/12/2025
9116;TOALLITAS HUMEDAS;3,600.00;19/12/2025
12029;TOALLITAS HUMEDAS PARA ADULTO COMODIN;10,188.76;19/12/2025
LIB66;Toner para impresora BROTHER DCP 1617 NW;0.00;19/12/2025
10919;TOPIRAMATO 50;0.00;19/12/2025
8545;TRAMPA DE AGUA;0.00;19/12/2025
LIMP15;Trapo de piso;0.00;19/12/2025
LIMP13;Trapo rejilla doble;0.00;19/12/2025
LIB36;Trincheta/ cortante guía metal 18m;0.00;19/12/2025
2645;TUBO DE TRAQUEOSTOMÍA HILO EVAC C/BALÓN N°8;0.00;19/12/2025
2646;TUBO DE TRAQUEOTOMÍA HILO EVAC C/BALÓN N°6;0.00;19/12/2025
9040;TUBO ENDOCRANEAL Nº 10;0.00;19/12/2025
9041;TUBO ENDOCRANEAL Nº 11;0.00;19/12/2025
9042;TUBO ENDOCRANEAL Nº 12;0.00;19/12/2025
9043;TUBO ENDOCRANEAL Nº 13;0.00;19/12/2025
9044;TUBO ENDOCRANEAL Nº 14;0.00;19/12/2025
9045;TUBO ENDOCRANEAL Nº 15;0.00;19/12/2025
9046;TUBO ENDOCRANEAL Nº 16;0.00;19/12/2025
9047;TUBO ENDOCRANEAL Nº 17;0.00;19/12/2025
9048;TUBO ENDOCRANEAL Nº 18;0.00;19/12/2025
9049;TUBO ENDOCRANEAL Nº 19;0.00;19/12/2025
9050;TUBO ENDOCRANEAL Nº 20;0.00;19/12/2025
9051;TUBO ENDOCRANEAL Nº 21;0.00;19/12/2025
9052;TUBO ENDOCRANEAL Nº 22;0.00;19/12/2025
9053;TUBO ENDOCRANEAL Nº 23;0.00;19/12/2025
9054;TUBO ENDOCRANEAL Nº 24;0.00;19/12/2025
9055;TUBO ENDOCRANEAL Nº 25;0.00;19/12/2025
TUB 4 C/BALON;TUBO ENDOTRAQUEAI Nº4.0 CON BALON;0.00;19/12/2025
9077;TUBO ENDOTRAQUEAL  Nº 3.5 SIN BALÓN;0.00;19/12/2025
9078;TUBO ENDOTRAQUEAL  Nº 4.0 SIN BALÓN;0.00;19/12/2025
TUB001;TUBO ENDOTRAQUEAL 3,5 CON BALON;1,941.00;19/12/2025
D-106;TUBO ENDOTRAQUEAL 4.5 CON BALON;0.00;19/12/2025
C007;TUBO ENDOTRAQUEAL A DEFINIR;0.00;19/12/2025
10515;TUBO ENDOTRAQUEAL N 3.0 SIN BALON ;1,355.48;19/12/2025
10516;TUBO ENDOTRAQUEAL N 5.0 SIN BALON ;1,355.48;19/12/2025
11035;TUBO ENDOTRAQUEAL Nº 2 SIN BALON;0.00;19/12/2025
4856;TUBO ENDOTRAQUEAL Nº 2.5 SIN BALON;1,355.48;19/12/2025
TUBO END 4 C/BALON;TUBO ENDOTRAQUEAL Nº 4.0  CON BALON AURINCO;0.00;19/12/2025
8523;TUBO ENDOTRAQUEAL Nº 4.5 SIN BALON;1,355.48;19/12/2025
10517;TUBO ENDOTRAQUEAL Nº 6.5 CON BALON;0.00;19/12/2025
9104;TUBO ENDOTRAQUEAL Nº 6.5 SIN BALON;0.00;19/12/2025
12007;TUBO ENDOTRAQUEAL Nº8 SIN BALON;0.00;19/12/2025
9056;TUBO ENDOTRAQUEAL SHILEY Nº 5.0 MM CON BALON;0.00;19/12/2025
10518;TUBO OXIGENO DE 2M3 CON REGULADOR;0.00;19/12/2025
TUBU;TUBULADORA PVC PARA OXIGENO;0.00;19/12/2025
75TUBU/T-63 RO.50 MT;TUBULADORA T-63 PVC ROLLO X  MTS;410.54;19/12/2025
7403;TUBULADURA 15MM;0.00;19/12/2025
10743;TUBULADURA CON TERMINAL DE CONEXION DE OXIGENO;0.00;19/12/2025
12032;Tubuladura de drenaje quirúrgico 6.3 mm x 2 cm;3,207.42;19/12/2025
10926;TUBULADURA DE PVC 7 X9;0.00;19/12/2025
7402;TUBULADURA DESC. CORTA;0.00;19/12/2025
TUBUL;TUBULADURA PARA CONCENTRADOR DE OXIGENO 10MTS;0.00;19/12/2025
9079;TUBULADURA T-63 X 2MTS ESTÉRIL;3,438.18;19/12/2025
11013;TUBULADURA T-95 X 2MTS ESTÉRIL;0.00;19/12/2025
11938;ULCOZOL SUSPENSION  POLVO;0.00;19/12/2025
11998;Ulcozol suspension x 70 ml;0.00;19/12/2025
10928;UNIFLOX 750 X 5 COMP;0.00;19/12/2025
492;UROSET;0.00;19/12/2025
7345;VALVULA DE FONACION SHLIEY ;63,987.00;19/12/2025
000000000000025;VALVULA DE FONACIONCON APORTE O2 SHILEY;0.00;19/12/2025
1028;VÁLVULA PEEP REGULABLE;0.00;19/12/2025
256;VASELINA LIQUIDA 125 ML;0.00;19/12/2025
257;VASELINA LIQUIDA 500 ML;7,648.78;19/12/2025
519;VASELINA LIQUIDA X 1000 ML;15,344.94;19/12/2025
10519;VASELINA SOLIDA 1 KG;18,717.16;19/12/2025
259;VASELINA SÓLIDA 100ML;0.00;19/12/2025
10905;VASELINA SOLIDA 250GR;13,429.14;19/12/2025
12046;VASELINA SOLIDA 500 GR;20,806.00;19/12/2025
12014;VASELINA SOLIDA 60GR;0.00;19/12/2025
247;Vaso humificador bajo flujo;0.00;19/12/2025
7856;VASO PARA ASPIRADOR A BATERIA;0.00;19/12/2025
7857;VASO PARA ASPIRADOR A MOTOR;0.00;19/12/2025
7398;VENDA ADHERENTE COBAN 10CM;0.00;19/12/2025
7346;VENDA CAMBRIDGE 10 CM;608.00;19/12/2025
7347;VENDA CAMBRIDGE 15 CM;0.00;19/12/2025
7348;VENDA CAMBRIDGE 20 CM;0.00;19/12/2025
9057;VENDA CAMBRIDGE 5CM ;451.14;19/12/2025
9163;VENDA CAMBRIDGE 7 CM;0.00;19/12/2025
C003;VENDA CAMISETA SOLO POR AMPUTACIÓN;0.00;19/12/2025
VEND10;VENDA ELASTICA 10CM;0.00;19/12/2025
LIMP 106;Veneno cucaracha (sobre);0.00;19/12/2025
LIMP 107;Veneno para cucarachas (casitas);0.00;19/12/2025
10918;VIGABATRIN 500 MG X 60;0.00;19/12/2025
10676;VIMI KITS X 200GR;140,833.96;19/12/2025
VIS ENF $520;VISITA DE ENFERMERIA $520;0.00;19/12/2025
LIB95;Visor para carpeta colgante Nepaco transparente;0.00;19/12/2025
10766;VITAMINA ADC TRIVISOL;19,264.60;19/12/2025
11917;VITAMINA D3;0.00;19/12/2025
10765;VITAMINA HIERRO FERINSOL;0.00;19/12/2025
10750;Vpap stellar;0.00;19/12/2025
10980;WHISPER FIJO;0.00;19/12/2025
XILO;XILOCAÍNA EN GEL;0.00;19/12/2025
12002;ZALEA 120 X140 MARCA DYMMY;0.00;19/12/2025
1023;Zalea Comodin Pvc grande 90x140;0.00;19/12/2025
10850;ZALEA DECARTABLE MARCA AMBOS  60X90;0.00;19/12/2025
78ZALEA/DESCA;ZALEA DESCARTABLE X 10U-NONISEC;8,727.60;19/12/2025
8563;ZALEA DESCARTABLES;803.40;19/12/2025
12001;ZALEA NONINO;0.00;19/12/2025
12003;ZALEAS PLENITUD 8X8;0.00;19/12/2025
12011;Zaleas Sabanindas;0.00;19/12/2025
10990;ZOLPIDEM 10 MG X 30 COMP;0.00;19/12/2025
