id_softwerk;COD PRODUCTO;NOMBRE PRODUCTO
7654;9000;2 SET DE EXTENSIÓN TIPO MIC KEY
7934;9060;ACEITE DE SILICONA (PREVIENE ESCARAS)
16045;12000;ACEITE MCT OIL AL 2% X 500 ML BAGO
16059;10557;ACEITE SILICONA EN SPRAY AEROGAL
13389;11115;ACEMUC 250 ML
10945;10760;ACEMUC 600 ML
11262;10920;ACIDO FOLICO GOTAS
2129;M-22;ACIDO VALPROICO X 120 ML
12387;10999;ADALTORE 100 MG X 30 UNIDADES
15369;11918;Adaptador guía biomax 500
16036;10840;AEROCAMARA AEROSPACER
7933;9059;AEROCAMARA DE TRAQUEOSTOMIA
16060;10558;AEROCAMARA ERO SPACER XA TQ
16047;10599;AEROCAMARA PARA CIRCUITO RESPIRATORIO
4259;AER;AEROGAL SPRAY X 225ML
16179;10709;Agua Bidestilada de 500ml
7542;7358;AGUA DESTILADA 1 LITRO
7543;7359;AGUA DESTILADA 500 ML
8315;7042;AGUA DESTILADA AMPOLLA PLASTICO 10 ML
7291;7291;AGUA DESTILADA AMPOLLA PLASTICO 5 ML
8233;2020;AGUA OXIGENADA 10 VOL 100ML
7293;7293;AGUA OXIGENADA 10 VOL X 1 LITRO
7294;7294;AGUA OXIGENADA 10 VOL X 500 CC
7527;7350;AGUA OXIGENADA 250 ML
15777;5050;AGUA TRIDESTILADA X 5 LT
8234;202;AGUJA 18G 1 1/2 (12/40MM)
7297;7297;AGUJA 21G 1 (25/8MM)
7568;509;AGUJA 21G 1 1/2 (40/8MM)
8235;204;AGUJA 21G 2 (50/8MM)
8236;205;AGUJA 22G X1 25/7
7968;9080;AGUJA 25G 5/8 (5/16MM)
7295;7295;AGUJA 30G-1/2 (30/13MM)
1669;AGU;AGUJA HUBER FRENCH N 19
1916;D-05;AGUJA HUBER N 20 G x 25 mm
10393;10393;AGUJAS 23G X 11 60/25M
7997;9096;ALCOHOL 70% X 1 LITRO
6216;ALCOHOL 70% X500ML;ALCOHOL 70% X 500ML
7389;BB102;ALCOHOL 96% 1 LITRO
8022;9106;ALCOHOL 96% 250 CC
7857;7390;ALCOHOL 96% 500 ML
7528;7351;ALCOHOL EN GEL 250 ML
10394;10394;ALCOHOL EN GEL 5LT
6210;ALCOHOL EN GEL X 1L;ALCOHOL EN GEL X 1LITRO
7533;7352;ALCOHOL EN GEL X 500 ML
11664;10804;Algispray x 187 gr
8239;208;ALGODÓN 140 GR
7302;7302;ALGODÓN X 500 G
6246;ALG70;ALGODON X 70 gr
1340;ALIMENTO POLIMEROSA;ALIMENTO POLIMEROSA 320 grs - Nutricia - Bago
12082;ALQ-EQU;Alquiler Equipamiento
11009;ALQ-OX;Alquiler Oxigenoterapia
11754;10977;AMONIO CUATERNARIO X 5LT
8153;7392;AMPOLLA P/ NEBULIZAR PEDIATRICA
9049;9126;APOSITO C/ ADHESIVO DE SILICONA 10 X 10 (REF 334353)
6756;7852;APOSITO DE ALGINATO 10X10CM
10395;10395;APOSITO DE ALGINATO 10X20CM REF 9238
10396;10396;APOSITO DE ALGINATO 15X15CM REF 3715
16122;10220;APOSITO DE INCONTINENCIA DESCARTABLE NONISEC
16244;10690;APOSITO DUODERM EXTRAFINO 15X15
7397;BB109;APOSITO ESTERIL 10 X 20
10397;10397;APOSITO ESTERIL 15X20
4774;BB-38;APOSITO ESTERIL 9 x 15
16275;10206;APOSITO HIDROCOLOIDE 10X10
16299;10713;APOSITO HIDROCOLOIDE 20 X 20
14951;11996;Aposito Hidrocoloide de 9x14 cm coloplast
11040;10800;Aposito no adhesivo p/tqt (yatho) 10x10
15712;11941;APOSITO NO ADHESIVO PARA TRAQUEOTOMIA 5X5 CM (YAFHO)
1920;D-09;APOSITO NO ESTERIL 10 X 20
8140;482;APÓSITO NO ESTERIL 10 X 20
8020;9105;APOSITO NO ESTERIL 15 X 20
7534;7353;APOSITO NO ESTERIL 8 X 20
6486;TEGA;APOSITO TEGADERM 10 X 10
539;APOTE;APOSITO TEGADERM 10x12
8305;198;APÓSITO TEGADERM 10X12
16154;10565;APOSITO TEGADERM 15x20
16297;10711;APOSITO TEGADERM 20X30
1921;D-10;APOSITO TEGADERM 6 X 7
8306;197;APÓSITO TEGADERM 7X5
7663;9010;APOSITO TIPO TERGADERM 6X7
8308;196;APÓSITO TRANSPARENTE VECA
4246;KEN;APOSITO ULTEC PRO15X15 KENDALL 9802
461;DUO;APOSITOS DUODERM 10 X 15
8209;8956;APOSITOS DUODERM 10X10
7303;7303;APOSITOS ESTERILES 10 X 10
16278;10209;APOSITOS INCONTINENCIA MODERADA COMODIN ADULTO
7304;7304;APOSITOS NO ESTERILES 10 X 10
9024;9121;APOSITOS TEGADERM 8 X 10 CM
16126;10301;AQUAGEL FOAM NO ADHESIVO 15x15
12386;10997;ARIPIPRAZOL 20 MG X 30 COMP
12907;11002;Aspirina 100mg
2036;M-01;BACLOFENO 10 MG
7969;9081;BAGOVIT AE|BAGO| EMULSIÓN X 200ML
8240;209;BAJALENGUAS DE MADERA ADULTO X100
8241;210;BAJALENGUAS DE MADERA PEDIATRICOS X100
11268;10927;BANDA ADHESIVE MULTI EXTENSIBLE
7305;7305;BAÑO FACIL X 10 UNIDADES
10398;10398;BARBIJO DE FRISELINA
8243;212;BARBIJOS DE TELA
7306;7306;BARBIJOS DESCARTABLES
10399;10399;BARBIJOS DESCARTABLES CON TIRAS
8244;213;BARBIJOS N95
1309;BENA;BENADRIL COMPUESTO PEDIATRICO
16274;10203;BICARBONATO
8245;214;BISTURÍ N22
8246;215;BISTURÍ N23
8247;216;BISTURÍ N24
7307;7307;BOLSA COLECTORA DE ORINA
7405;B117;BOLSA COLECTORA DE ORINA PARA PIERNA
10400;10400;BOLSA COLECTORA PEDIATRICA X200 ML
3188;BOLCOL;BOLSA DE COLOSTOMIA
11344;10930;Bolsa de colostomia Alfa-doves
10931;1222;BOLSA DE RESIDUO ROJA X 30 UNIDADES
6495;BOLRU;BOLSAS RESIDUOS NEGRA 90X120
11150;10911;Bolsas vesicales forlano 2000A
16302;10720;BOTON GASTRICO MIC KEY 20FR 3,5 CM
11001;10777;BOTON GASTRICO MIC-KEY 14 FR 2 CM
16082;10654;BT - 63
9096;1271;BUDESONIDA
8083;9107;BUTTERFLY 21 G
8248;217;BUTTERFLY G19
8114;496;BUTTERFLY Nº 23
8115;495;BUTTERFLY Nº 25
2993;SANUP-59;CAMA ELECTRICA (SA) RESP FORMICA CROMADO
8985;5825;CAMARA PARA TERMOHUMIDIFICADOR
8005;9101;CAMISOLIN
8987;CAMP ESTE;CAMPO ESTERIL
8168;7409;CAMPO ESTERIL KOLER CQ-58
10401;10401;CANULA 11 DE TRAQUEOTOMIA RUSCH CON BALON
15830;5051;CANULA 2.5 SIN BALÓN
10402;10402;CANULA 3.0 CON BALON AURINCO
8773;2010;CANULA 3.0 CON BALON SHILEY
10403;10403;CANULA 3.0 CON BALON WELL LEAD
8249;218;CANULA 3.0 SIN BALON AURINCO
8250;219;CANULA 3.0 SIN BALON SHILEY
10404;10404;CANULA 3.0 SIN BALON WELL LEAD
10405;10405;CANULA 3.5 CON BALON AURINCO
8774;2011;CANULA 3.5 CON BALON SHILEY
10406;10406;CANULA 3.5 CON BALON WELL LEAD
10407;10407;CANULA 3.5 SIN BALON AURINCO
8775;2012;CANULA 3.5 SIN BALON SHILEY
14656;11050;CANULA 3.5 SIN BALON SHILEY NEONATAL
10408;10408;CANULA 3.5 SIN BALON WELL LEAD
8147;7385;CANULA 3.5 TIPO SILMAG
10409;10409;CANULA 3.5 TRAQUEOTOMIA PORTEX SIN BALON
8952;4840;CANULA 4.0 CON BALON AURINCO
8821;9615;CÁNULA 4.0 CON BALON SHILEY
10410;10410;CANULA 4.0 CON BALON WELL LEAD
7311;7311;CANULA 4.0 SIN BALON AURINCO
7546;7362;CANULA 4.0 SIN BALON SHILEY
14657;11051;CANULA 4.0 SIN BALON SHILEY NEONATAL
10411;10411;CANULA 4.0 SIN BALON WELL LEAD
8299;7449;CANULA 4.5 CON BALON AURINCO
10412;10412;CANULA 4.5 CON BALON WELL LEAD
8190;4845;CANULA 4.5 PDC CON BALON SHILEY
10413;10413;CANULA 4.5 SIN BALON AURINCO
7553;7363;CANULA 4.5 SIN BALON SHILEY
10414;10414;CANULA 4.5 SIN BALON WELL LEAD
8154;7393;CANULA 5.0 C/VALVULA FONATORIA Y CAMISA AURINCO
10415;10415;CANULA 5.0 CON BALON AURINCO
7679;9014;CANULA 5.0 CON BALON SHIELY
10416;10416;CANULA 5.0 CON BALON WELL LEAD
10417;10417;CANULA 5.0 SIN BALON AURINCO
7680;9015;CANULA 5.0 SIN BALON SHILEY
7671;9017;CANULA 5.0 SIN BALON WELL LEAD
7681;9016;CANULA 5.0 TIPO SILMAG
10418;10418;CANULA 5.5 CON BALON AURINCO
7998;9097;CANULA 5.5 CON BALON SHILEY
10419;10419;CANULA 5.5 CON BALON WELL LEAD
10420;10420;CANULA 5.5 SIN BALON AURINCO
7554;7364;CANULA 5.5 SIN BALON SHILEY
10421;10421;CANULA 5.5 SIN BALON WELL LEAD
9095;1270;CANULA 6.0 CON BALON AURINCO
11583;10740;CANULA 6.0 CON BALON AURINCO/SUBGLOTICA
4143;CAN 6 BALON;CANULA 6.0 CON BALON SHILEY
8823;9526;CÁNULA 6.0 CON BALON SHILEY
10423;10423;CANULA 6.0 CON BALON WELL LEAD
16245;10693;CANULA 6.0 PARA TQT PORTEX SUBGLOTICA VOCAL CON BALON
7677;9012;CANULA 6.0 PARA TRAQUEOSTOMÍA BLU LINE 15 MM CONNECTOR CUFF
7664;9011;CANULA 6.0 PARA TRAQUEOSTOMÍA TIPO BLU LINE 15 MM CONNECTOR CUFF
10424;10424;CANULA 6.0 SIN BALON AURINCO
8182;7566;CANULA 6.0 SIN BALON SHILEY
10425;10425;CANULA 6.0 SIN BALON WELL LEAD
10426;10426;CANULA 6.0 TRACOE CON BALON ENDOCANULA Y PUERTO SUBGLOTICO
10422;10422;CANULA 6.0 TRAQUEOTOMIA PORTEX CON BALON
9094;1269;CANULA 6.5 CON BALON AURINCO
8007;9103;CANULA 6.5 CON BALON SHILEY
10427;10427;CANULA 6.5 CON BALON WELL LEAD
7999;9098;CANULA 6.5 SIN BALON AURINCO
10428;10428;CANULA 6.5 SIN BALON SHILEY
10429;10429;CANULA 6.5 SIN BALON WELL LEAD
10430;10430;CANULA 7 TRAQUEOTOMIA PORTEX CON BALON
11041;10801;CANULA 7,0 SIN BALON AURINCO
10431;10431;CANULA 7.0 CON BALON AURINCO
10435;10435;CANULA 7.0 CON BALON FENESTRADA AURINCO
7308;7308;CANULA 7.0 CON BALON SHILEY
13069;11010;Canula 7.0 con balon Traceo twist Fenestrada (302-7)
6769;10754;CANULA 7.0 CON BALON TRACOE TWIST FENESTRADA (REF 312-07)
10432;10432;CANULA 7.0 CON BALON WELL LEAD
10433;10433;CANULA 7.0 DE TRAQUEOSTOMIA Y PLACA REGULABLE (COD 455-07)
10434;10434;CANULA 7.0 DE TRAQUEOTOMIA RUSCH SIN BALON
16120;10995;CANULA 7.0 PARA TRAQUEOSTOMIA CON ASPIRACION SUBGLOTICA AURINCO
10436;10436;CANULA 7.0 PARA TRAQUEOSTOMIA CON ASPIRACION SUBGLOTICA SHILEY
15896;11950;CANULA 7.0 SIN BALON AURINCO CON CAMISA Y VALVULA DE FONACION
8217;8052;CÁNULA 7.0 SIN BALON REFORZADA
10437;10437;CANULA 7.5 CON BALON AURINCO
8181;7955;CANULA 7.5 CON BALON SHILEY
10438;10438;CANULA 7.5 CON BALON WELL LEAD
10439;10439;CANULA 7.5 SIN BALON AURINCO
10440;10440;CANULA 7.5 SIN BALON SHILEY
10441;10441;CANULA 7.5 SIN BALON WELL LEAD
10442;10442;CANULA 8.0 ASPIRACIÓN SUBGLOTICA AURINCO
10445;10445;CANULA 8.0 CON ASP. SUBLOTICA PORTEX
7678;9013;CANULA 8.0 CON ASPIRACION SUBGLOTICA DE 12 CM
10443;10443;CANULA 8.0 CON BALON AURINCO
10444;10444;CANULA 8.0 CON BALON SHILEY
10520;10520;CANULA 8.0 CON BALON WELL LEAD
10521;10521;CANULA 8.0 DE TRAQUEOTOMIA RUSCH CON BALON
10522;10522;CANULA 8.0 DE TRAQUEOTOMIA RUSCH SIN BALON
16073;10608;CANULA 8.0 PORTEX CON BALON
10523;10523;CANULA 8.0 SIN BALON AURINCO
1948;D-35;CANULA 8.0 SIN BALON SHILEY
10524;10524;CANULA 8.0 SIN BALON WELL LEAD
13832;11900;Canula 8.0 subglotica Portex Vario (471-08)
10525;10525;CANULA 8.5 CON BALON SHILEY
10526;10526;CANULA 8.5 TRAQUEOTOMIA PORTEX CON BALON Y DE ASPIRACION SUBGLOTICA
10446;10446;CANULA 8.5 TWIST FENESTRADA TRACOE
10527;10527;CANULA 8.5 TWIST FENESTRADA TRACOE
10447;10447;CANULA 9 PORTEX C/BALON DE ASP SUBGL. (cod 100/860/090)
13380;11012;Canula 9 Portex c/balon de Asp Subgl.(100/517/090)
10448;10448;CANULA 9.0 ASPIRACIÓN SUBGLOTICA AURINCO
10449;10449;CANULA 9.0 CON BALON AURINCO
8298;7448;CANULA 9.0 CON BALON SHILEY
10450;10450;CANULA 9.0 CON BALON WELL LEAD
10451;10451;CANULA 9.0 CON BALÓN Y ASPIRACIÓN SUBGLOTICA TRACOE
10452;10452;CANULA 9.0 SIN BALON AURINCO
10453;10453;CANULA 9.0 SIN BALON SHILEY
10454;10454;CANULA 9.0 SIN BALON WELL LEAD
4511;CANM;CANULA MAYO
7309;7309;CANULA N 8 FONATORIA C/CAMISA
9379;9134;CANULA N8 TRACOE TWIST ASP.SUBGLOTICA (REF 471-08)
4707;CA NAS A;CANULA NASAL ADULTO (BIGOTERA)
11783;10890;CANULA NASAL ADULTO (BIGOTERA) KAUTION
11653;10790;CANULA NASAL PARA OXIGENO (TIPOK-27N) NEONATAL NOVA MED
4705;CA NAS P;CANULA NASAL PEDIATRICA (BIGOTERA)
16163;10661;CANULA TQT TIPO BIESALSKI Nº7
16162;10660;CANULA TQT TIPO BIESALSKI Nº8
5468;75;CANULAS 7 SIN BALON WELL LEAD
15656;11990;Cánulas 7.0 sin balón con endocánula aurinco
16170;10679;CANZONCILLOS PLENITUD PROTEC PLUS (IINCONTINENCIA INTENSA - AZUL) EG
2147;O-27;CARGA TUBO DE OXIGENO
1789;CAR;CARGAS DE OXIGENO 6 MTS3 CON MANOMETRO
16115;10967;CATETER COMPACTO (28524) CAJA X 20
8000;9099;CATETER DE MOUNT
11097;10903;CATETER DE SUCCION TIPO k30 C/REG KANGUYAN
13937;11030;Cateter embolectomia (Fogarty) 3fr 80cm HAGMED
13938;11031;Cateter embolectomia (Fogarty) 4fr 80cm HAGMED
10455;10455;CATETER INTRAVENOSO ABBOCATH Nº 14
6134;CAT 16;CATETER INTRAVENOSO ABBOCATH Nº 16
1950;9837;CATETER INTRAVENOSO ABBOCATH Nº 18
7560;500;CATETER INTRAVENOSO ABBOCATH Nº 20
8185;9658;CATETER INTRAVENOSO ABBOCATH Nº 22
8184;8955;CATETER INTRAVENOSO ABBOCATH Nº 24
11004;10780;Catéter kanguyan k30
10456;10456;CATETER KANGYUAN K29 PC/R
11029;10797;Catéter Nexiva n° 18
11030;10798;Catéter Nexiva n° 20
16116;10969;CATETER SONDA (28508) CAJA X 30
14565;11911;CEFALEXINA SUS 500/5 ML X 120 ML
7314;7314;CINTA ADHESIVA HIPOALERGENICA X 2.5 CM
7315;7315;CINTA ADHESIVA HIPOALERGENICA X 5 CM
7683;9018;CINTA DE SEDA X 2,5 CM
7555;7365;CINTA HILERA X ROLLO
8084;9108;CINTA HIPAFIX 10 X 10
11688;10699;CINTA HIPAFIX 5 CM
6497;CINMA;CINTA HIPOALERGENICA MACROPORE 5 CM
8253;220;CINTA HIPOALERGÉNICA MICROPORE 5CM
11113;10910;Cinta tela adhesiva impermeable 2.5 cmx9mt
10457;10457;CINTA TRANSPORE 2,5CM
10458;10458;CINTA TRANSPORE 5CM
3097;D-128;CINTAS DE SEDA 5cm
4241;8899;CIRCUITO CERRADO 14 FR REF. 22103-5 HALYRAD 30,5CM
16187;10982;CIRCUITO MONORAMA PARA ASTRAL 150
8198;4658;CIRCUITO P/ RESPIRADOR PEDIÁTRICO UNIVERSAL C/ 2 TRAMPAS DE AGUA
16050;10553;CIRCUITO PARA RESPIRADOR ADULTO
13390;11116;CLARITROMICINA 250 ML
2037;M-02;CLOBAZAM 10 MG
13559;11120;Clorandenicol crema x 30g
14679;11902;CLORHEXIDINA 2% X 500
7556;7366;CLORHEXIDINA 4% 1 L
8121;489;CLORHEXIDINA 4% 250ML
7935;961;CLORHEXIDINA 4% X 500ML
8254;221;CLORHEXIDINA SPRAY 60ML
11014;10795;Clorhidrato cefepime x 2 gr
10459;10459;CLOTRIMAZOL CREMA
8159;7399;CODO GIRATORIO CON TUBO
8006;9102;COFIA
8895;8565;COLAGEN-CLORANF UNG X 50GR
7317;7317;COLLARINES
16272;11201;COLLARINES AURICO PEDIATRICOS
10460;10460;COLLARINES AURINCO
7936;9061;COLLARINES YAFHO
11164;10913;COMPRESAS ABSORVENTES ANTIMICROBIANAS 5X5 PARA BOTON GASTIRCO COVIDIEN
11165;10914;COMPRESAS ABSORVENTES ANTIMICROBIANAS PARA TQT 10X10 COVIDIEN
7557;7367;CONECTOR DE TUBO T
10461;10461;CONECTOR OXIGENO P-52 511 FAB
8984;2388;CONECTOR RECTO RESPIRADOR
10462;10462;CONECTOR T CON PROLONGACION
1963;D-50;CONTENEDOR PARA ALIMENTACION ENTERAL X750
13387;11113;CORTEROID BETAMETASONA 30 ML
14236;11923;CREMA BATICOR COMPLEX X 20 GR
12837;11001;Dermaglos emulsion 400gr
1957;D-44;DESCARTADOR 2,2 LTS
10463;10463;DESCARTADOR DE AGUJA 1LT
8138;483;DESCARTADOR DE AGUJA 4LT
11013;10794;Descartador de agujas 0,5 lts
11936;1566;Detergente Trienzimatico x 1000 cc
11753;10950;DEXAMETASONA 8MGX 20 COMPRIMIDOS
12144;10958;DEXAMETASONA AMP
13418;11119;DIBEN DRINK VAINILLA 200 ML
1310;DICLO;DICLOFENAC AMPOLLA
11345;10931;Difusor de 500ml
12143;10957;DIPIRONA AMP
15493;11940;DISADUL PAÑALES XG C/GEL
14959;11997;Dispenser de servilletas de toallas intercaladas doble carga con visor
15489;11936;DITROPAN JARABE X200 ML
12270;10960;DIVALPROATO DE SODIO 500 MG X 60 COMP
13388;11114;DOMPERIDONA GOTAS 20 ML
15487;11933;ECUAMON GOTAS X 20 ML
8255;223;EMULSION DERMAGLOS GENERICO 200 ML
4020;ENALA10;ENALAPRIL 10 MG
11264;10922;ENALAPRIL GOTAS X 1 MG
4840;BB365;ENSURE 800G
10465;10465;ENSURE 850
8219;3525;ENSURE PLUS DRINK 220 ML
11033;10799;ENSURE POLVO VAIN 1200 g ABBOTT
14947;11994;Enterogermina Basilusclau ampolla 5ML
3422;MEDE080;ESPESAN LATA X 300 GR.
8986;ESP ANTIBAC;ESPONJA ANTIBACTERIAL
12157;10959;Estestocopio Pediatrico
9044;1267;ESTETOSCOPIO
11038;10968;EXIBRAL 500
11109;10909;Extensión de cánula de 2 metros
11858;10992;Farm X en polvo
16326;107550;Fecula/pefume x 250 gr
13411;11117;FENTAMICINA SOLUCION 30 ML
11974;10993;fijación de malla de grampas reabsorbibles
13900;11901;FILTRO /HME , HYGROBAC S - MEDTRONIC
7939;9064;FILTRO |GIBECK| HUMID VENT MINI (REF. 10011)
10769;10753;FILTRO AB
7886;7400;FILTRO BACTERIANO RESPIRADOR
5184;FILTRO B-PAP;FILTRO BPAP
8824;1690;FILTRO ELECTROSTÁTICO PEDIÁTRICO
16291;EQ;FILTRO ENTRADA PRISMA
6455;FILGIB;FILTRO GIBECK
5474;77;Filtro HME para respirador artificial 2
1741;FILTRO;FILTRO HMEF C/PTO LUER LOCK REF 70313
7558;7368;FILTRO HUMIFICADOR DE TQT PEDIATRICO
7684;9019;FILTRO P/ASPIRADOR SILFAB
8220;3625;FILTRO PARA UNIDAD DE SUCCIÓN 7305 DEVILBISS
14618;11915;FILTRO PEDIATRICO CON PUERTO DE OXIGENO HME
7937;9062;FILTRO TRACHEOLIFE III C/APORTE DE O2 353(19004)
12206;10789;Filtro trasero PB560 original
8150;7388;FILTRO VIRAL BACTERIAL C/ PORT (GALEMED)
16061;10559;FILTROS CONVIDEN 350/5879
9025;9122;FILTROS HUMID P/TRAQUEO TRACH-VENT ( REF. 41312)
16062;10600;FILTROS HUMID VENT 11012
16079;10650;FILTROS PARA TRAQUEOTOMÍA HME (TIPO GIBECK REF.41313)
16037;10841;FILTROS PEDIATRICO HUDSON - GIBECK HME/F (11012)
6490;230;FILTROS TRAQUEO COVIDIENT DAR
16128;10303;FORMULA CETOGENICA EN POLVO KETOCAL 4,1 EN POLVO X 300Grs
7940;9065;FORTISIP MAX |NUTRICIA BAGO| LIBRE DE GLUTEN X 700GR
3819;7545;FRASCO ASPIRADOR/NEBULIZADOR
8152;7391;FRASCO UROCULTIVO ESTERIL 120 CC
16173;10680;FRASCO XILOCAINA ESTERIL
10466;10466;FRASCOS DE ALIMENTACION PICO CRUZ X 500
8165;7406;FREBINI ENERGY DRINK FIBRA FRUTILLA 200
8166;7407;FREBINI ENERGY DRINK FIBRA VAINILLA 200
10947;10761;FREBINI ORIGINAL 500 ML
8922;4547;FRESUBIN 2KCAL CREME
8921;4546;FRESUBIN FIBRA POLVO X 400
14843;11929;Fresubin original fibra 1000ml
3200;10;FRESUBIN ORIGINAL X 1000 ML
9016;9117;FURACIN X 500 ML
11993;10940;Furosemida 40 mg x 30 comp
10948;10762;FUSIMED CREMA
7396;BB108;GASA 10 X 10 1KG
7395;BB107;GASA 15 X 15 1KG
7318;7318;GASA 20 X 20 1 KG
7394;BB106;GASA 5 X 5 1KG
16157;10689;GASA AMD 5,1x5,1cms EXCILON Cod. 7089
8256;224;GASA C/NITROFURAZONA 0,2%
7319;7319;GASA ESTERIL 10 X 10 SOBRE
7320;7320;GASA ESTERIL 20 X 20 SOBRE
10467;10467;GASA ESTERIL 30 X 30 SOBRE
11000;10775;GASA FENESTRADAS 10X10 KENDAL
6218;GASA N/TEJIDA 10X10;GASA NO TEJIDA 10X10
13052;10101;GASA NO TEJIDA 5X5
10468;10468;GASA NO TEJIDA 7,5X7,5
16119;10978;GASA P/ TQT REF 687149 YAFO FENEST
7576;517;GASA PIEZA TUBULAR X 1,5 KG
7993;9093;GASA SINTETICA CURITY 7,5 X 7,5 CM - KENDALL
7943;9068;GASA SINTETICA CURITY VERSALON 10X10
7941;9066;GASA TIPO EXCILON AMD 10X10CM (4X4)
7942;9067;GASA TIPO EXCILON AMD 5X5CM (2X2)
1877;GASA TROZADA;GASA TROZADA 30 X 30 X 1 KG
55;GAS03;Gasa vaselinada
10313;501;GASAS ESTERILES EN SOBRE 15 X 15 CM
2580;D-125;GASAS ESTERILES NO TEJIDAS 10 X 10 YAFHO
6462;GAEXC;GASAS EXCILON AMD 10,2CM X 10,2CM
8257;225;GASAS IODOFORMADAS 10 X 10 CM
16165;10669;GASAS TRAQUEO ESTERIL X 2 SPONGES ANTIMICROBIAL (5X5CM)
8128;486;GEL ALGINATO DE CALCIO
4841;BB-65;GLUCERNA POLVO LATA 400G
3096;A-16;GLUCERNA RTH X 1000 ML
2124;M-18;GLUCOSADA HIPERTONICA 10mg
16160;10569;GUANTE DE NITRILO ESTERIL SIN POLVO 300MM
8135;485;GUANTE DE POLIETILENO MANOPLA (100UNID)
16176;10701;GUANTE ESTERIL 6.5
14942;11991;GUANTE ESTERIL Nº 6
7412;BB125;GUANTE ESTERIL Nº 7
14946;11993;GUANTE ESTERIL Nº 7 (Free Latex)
7688;9023;GUANTE ESTERIL Nº 7,5
14945;11992;GUANTE ESTERIL Nº 7.5 (Free Latex)
7535;7354;GUANTE ESTERIL Nº 8
5809;GUA VIN;GUANTE VINILO L
8180;7805;GUANTE VINILO M
10469;10469;GUANTE VINILO S
7387;BB100;GUANTES DE EXAMINACION M X 100
7416;7336;GUANTES DE EXAMINIACION L X 100
7415;7335;GUANTES DE EXAMINIACION S X 100
8776;4523;GUANTES DE NITRILO X100
10670;10700;Guantes por unidad
11015;10796;Guía fotosensible
7570;511;GUIA MACRO GOTERO (V-14)
11690;10782;GUIA MACRO GOTERO (V-14) K-KAUTION
10470;10470;GUIA MACRO GOTERO (V-14) NOVAMED
8264;238;GUIA MACROGOTERO C/AGUJA TIPO V-13
8825;5100;GUÍA MICROGOTERO (V-17)
464;GUI;GUIA PARA BOMBA ARGIMED P/BIGMAX PM973-009
1977;D-64;GUIA PARA BOMBA DE ALIMENTACION KANGAROO 324
5824;GUIAALPUN;GUIA PARA BOMBA KANGAROO EPUMP REF 775659
16148;10550;GUIAS DE ALIMENTACION B14
8258;228;HEPARINA SODICA 5 ML
2126;M-19;HIDROCORTISONA AMP 500ML
16300;10714;HIDROGEL HODROCOLOIDE COLOPLAST COMFEEL PURILOM GEL 15G
14567;11913;HIERRO POLIMALTOSATO SOLUC
12142;10955;HIOSCINA AMP
13412;11118;HIPOGLOS TALCO X 40 GR
16174;10681;HME ADULTO TQT COVIDIEN DAR TM
4981;BIS;HOJA BISTURI N° 22
5089;10906;HOJAS DE BISTURI N°11
8259;229;IODOPOVIDONA 10% 100 ML
7559;7369;IODOPOVIDONA 10% X 1 LITRO
7567;508;IODOPOVIDONA 10% X 250 ML
7326;7326;IODOPOVIDONA 10% X 500 CC
7689;9024;IODOPOVIDONA 5% SOLUCION JABONOSA 1LITRO
10471;10471;IODOPOVIDONA 5% SOLUCION JABONOSA 500 CC
10472;10472;IODOPOVIDONA 5% SOLUCION JABONOSA X 250 CC
11166;10915;Iodopovidona de 60cc
2042;M-07;IRUXOL UNG 50 GRS
1720;IRUXOL;IRUXOL UNGUENTO 200 GRS
2578;M-26;IRUXOL UNGUENTO X 30 GR
2067;L-17;JABON LIQUIDO 1LT
11175;10916;Jarra humificadora descartable
7536;7355;JERINGA 1 ML TUBERCULINA
7571;512;JERINGA 10 ML
8120;490;JERINGA 1ML CON AGUJA
7572;513;JERINGA 20 ML
7537;7356;JERINGA 3 ML
7573;514;JERINGA 5 ML
7574;515;JERINGA 50/60 ML
7331;7331;JERINGA INSULINA
7332;7332;JERINGA THOOMEY - PICO ANCHO 60CM
8262;234;JERINGAS 10 ML PUNTA LUER LOCK
8263;235;JERINGAS POSIFLUSH 3ML
3211;11;JEVITY PLUS 1000 ML
11122;10912;JEVITY RTH x 1000ml ABBOTT
8917;3696;KIT COVID (CAMISOLIN-BOTAS-COFIA)
16307;10730;KIT NEBULIZACIONES P/ TQT HUDSON REF. 1882
13939;11014;Kit sonda aspiracion G-33 MOD G3335K - N&G
15486;11932;LACLORHEX JABON LIQUIDO X 250 ML
10944;10759;LACTULOM JARABE.
16319;10732;LANOLINA VASELINA UNG. OFT. 3,5 GR
10473;10473;LECHE BIFIDOSA 500
9043;1266;LECHE FORTINI 400GR
16064;10601;LECHE KASS 1000 DESLACTOSASA
16171;10698;LECHE LACTOPTROTEYN X 250 GR
8188;7435;LECHE NAN SIN LACTOSA X 400GRS
16186;10976;LECHE NEOCATE LATA 400GR
4435;NUTRI 2;LECHE NUTRILON 2 PROFUTURA 800GR
10474;10474;LECHE NUTRILON PRO EXPERT X 800GRS
4349;NUTRI 1;LECHE NUTRILON PROFUTURA 1 x 800GR
16199;10989;LECHE NUTRILON SIN LACTOSA X 800 GR
10976;10776;Leche Peti Junior x400
10927;10755;Leche sancor bebe 2 x 200ml
10475;10475;LECHE SANCOR BEBE 2 X 500 ML
8996;7436;LECHE SANCOR BEBE 2 X 800 GR
10563;10540;LECHE SANCOR BEBE 3 X 1LT
10476;10476;LECHE SANCOR BEBE 3 X 800 GR
16051;10554;LECHE SUSTENTA JUNIOR SIN LACTOSA X 400GR
7994;9094;LECHE VITAL N° 1 DE 800 G
7995;9095;LECHE VITAL N° 2 DE 800 G
10477;10477;LECHE VITAL N° 3 DE 200ML
10478;10478;LECHE VITAL N°3 X 250ML
2139;A-09;LECHE VITAL Nº 3 DE 800 G
16087;10658;LECHE VITAL RR 350GR
7575;516;LIDOCAINA 2% 25 ML
10380;9165;LIDOCAINA 50ML
7691;9026;LIMPIADOR PIEL COLOPLAST X 180 REF 4710
16183;10979;Linea doble rama Pediatrico ASTRAL (original)
8160;7401;LINEA PAC DOBLE RAMA AIROX PEDIATRICA
6236;LLA;LLAVE 3 VIAS
10479;10479;LLAVE 3 VIAS CON PROLONGADOR 50CM
1989;D-76;LLAVE DE 3 VIAS C/ PROLONGADOR 30 CM
7971;9083;MACRIL |ANDRÓMACO|CREMA X 20GR
11075;10900;Manguera de succion para aspirador x mts
16193;10985;MANOMETRO PARA MEDICION DE LA PRESION DEL BALON DE TQT
7334;7334;MASCARA PARA NBL
8195;7454;MASCARA PARA OXIGENO C/ RESERV. ADULTO
8156;7396;MASCARA PARA OXIGENO C/ RESERV. PEDIÁTRICO
2152;IN-02;MATERIAL DESCARTABLE
9021;9119;MEDIDOR DE GLUCEMIA Y DISPOSITIVO DE PUNCION
1778;MELATONINA;MELATOL 3MG
16194;10986;MICRO NEBULIZADOR PARA TQT
8265;239;Microgotero con medidor volumetrico s/aguja
13210;11020;MUCOSUCTOR PEDATRICO
7972;9084;MUPIROCINA |INVESTI|CREMA X 15GR (PALDAR)
7944;9069;NIDO FORTIGROW DESLACTOSADA X 400GR.
10480;10480;NUTRAMIGEN LGG 357GR
10481;10481;NUTRICIA BAGO KAS1000 X 400GR SIN LACTOSA
13123;11011;NUTRILON 2 DE 200 ML
10482;10482;NUTRILON PROEXPERT PEPTI JUNIOR X 400
8221;5263;NUTRILON PROFUTURA 3 X 200 ML
7945;9070;NUTRILON PROFUTURA 3 X 800GRS
8222;7635;NUTRILON PROFUTURA 4 X 800 GRS
2028;A-02;NUTRILON SIN LACTOSA X 350GR
7946;9071;NUTRINI 1.0 ML |NUTRICIA BAGO| X 500ML
16182;10677;Nutrison advanced diason x 1000 ml
462;NUTSO;NUTRISON ADVANCED PROTISON 500ML
16092;10663;NUTRISON ENERGY 1500KL X 1000ML
2030;A-04;NUTRISON X 1000 ML
16125;10300;OBTURADORES DE JERINGAS
7947;9072;OLEO CALCÁREO 500ML
5470;72;Oleo Calcareo con aloe vera y vitamina A x 1 lt
10483;10483;OLEO CALCAREO X 1LT
10484;10484;OLEO CALCAREO X250
4024;OMEP20;OMEPRAZOL SUSPENSION
1523;OSM;OSMOLITE HN 1000ML
3761;OSTEL100;OSTELIM POTENCIA 100 X 10ML
15488;11935;OSTELIN ACD SOL 20 ML
14566;11912;OXIBUTININA SUSPENSIO
5947;2705;OXIGENO ESP DOMICILIARIO RECARGA 27M3 T
3623;OXIPUL;OXIMETRO DE PULSO PORTÁTIL
10943;10758;PANTOPRAZOL 10 MG
11709;10812;PANTOPRAZOL DE 40 MG
7948;9073;PAÑAL - INCONTINENCIA INTENSA - TALLE M
16159;10659;PAÑAL ADULTO COMODIN ULTRA ELASTIZADO ANATOMICO XL
10485;10485;PAÑAL ADULTO NONINO PLUS XG
10486;10486;PAÑAL ADULTO NONISEC BASIC G
10487;10487;PAÑAL ADULTO NONISEC ULTRA XG
10488;10488;PAÑAL ADULTO NONISEC ULTRA XXG
10489;10489;PAÑAL ADULTO PLENITUD CLASSIC G
10490;10490;PAÑAL ADULTO PLENITUD PROTEC G
16121;10998;PAÑAL ADULTO PLENITUD PROTEC XG
9389;9144;PAÑAL ADULTO PLENITUD PROTECT M
8223;2706;PAÑAL ANATÓMICO JUVENIL
16117;10972;PAÑAL BABY XXG
16144;10665;PAÑAL COMODIN ANATOMICO M
1302;PAÑJUV;PAÑAL DESCARTABLE JUVENIL - COMODIN
16332;10560;PAÑAL GOODNITES PEQ/MED
16270;10200;PAÑAL GOODNITES XL
16198;10988;PAÑAL INDASLIP XL9
10491;10491;PAÑAL INFANTIL PAMPERS SUPERSEC M
9395;9149;PAÑAL INFANTIL PAMPERS SUPERSEC XG
16324;10742;PAÑAL INFANTIL PAMPERS TALLE G
10554;10531;PAÑAL PAMPERS CONFORT SEC P
1550;10530;PAÑAL PAMPERS CONFORT SEC XG
16124;109800;PAÑAL PAMPERS PREMIUM CARE G
16167;10673;PAÑAL PLENITUD PROTEC PLUS (INCONTINENCIA INTENSA) EG
16065;10602;PAÑAL PLENITUD XG
10492;10492;PAÑALES ADULTOS L
10493;10493;PAÑALES ADULTOS M
10494;10494;PAÑALES ADULTOS S
10495;10495;PAÑALES ADULTOS XL
9390;9145;PAÑALES ADULTOS XL COMODIN
9392;9147;PAÑALES ADULTOS XL NONISEC BASICO
10496;10496;PAÑALES ADULTOS XXL
16113;10965;PAÑALES COMODIN ULTRA ELASTIZADOS ANATOMICOS G
16246;10695;PAÑALES ESTRELLA JUNIOR
15485;11939;PAÑALES ESTRELLAS BABY CARICIAS DE ALGODÓN
16127;10302;PAÑALES HUGGIES XXG
16066;10603;PAÑALES INDA SLIP TALLE M
16149;10549;PAÑALES INDASLIP PREMIUM S
16038;10842;PAÑALES INDASLIP TALLE L
16086;10692;PAÑALES INFANTIL BAY SEC TALLE XG
9000;9114;PAÑALES INFANTILES TALLE G
8999;9113;PAÑALES INFANTILES TALLE M
8998;9112;PAÑALES INFANTILES TALLE S
9001;9115;PAÑALES INFANTILES TALLE XG
10497;10497;PAÑALES INFANTILES TALLE XXG
16279;10210;PAÑALES INTERIOR CLASSIC PANT PLENITUD G/XG
11856;10991;Pañales pampers Confort sec extra plus XXG
6929;930316.1;PAÑALES PAMPERS CONFORT SEC HIPOALERGENICOS TALLE XXG
16166;10671;PAÑALES PAMPERS PREMIUM CARE XXG
10498;10498;PAÑALES PLENITUD ( BOLSA VIOLETA ) G
7991;9092;PAÑO JABONOSO 20 X 20 (PAQUETE X 20)
6505;PAÑO;PAÑOS JABONOSOS 20 X 20 ( PAQUETE DE 10)
14866;11930;PARACETAMOL GOTAS 50 ML
10499;10499;PARCHES OCULARES PEDIATRICO
11002;10778;Pasta lassar
15758;11942;pediasure clinical x 500
8169;7410;PEDIASURE COMPLETE X 400GR
10949;10763;PEDIASURE VAINILLA 220 ML
6515;PERV;PERVINOX JBN ESP TRADIC X 240 ML
7973;9085;PLAC-OUT |BERNABO|CLORHEXIDINA 0,12% COLUTORIO X 200ML
1673;PLAT;PLATSUL 30GR
2046;M-11;PLATSUL A CREMA X 350
8143;7380;PLATSUL X 200 GR
10500;10500;PLATSUL X400 GR
11266;10925;POLIETILEGLICOL BAREX SOBRES X 30
7693;9028;POLVO DE OSTOMIA 25G
7990;9091;POMADA HIPOGLOS (ANDROMACO) X 50 GRS
7694;9029;POMADA TIPO HIPOGLOS X100GRS
11663;10810;Povitiol Incoloro Spray x 60ml
13038;11100;Prolongador 2,8 MM/15 cm
10532;10529;PROLONGADOR 30CM
13734;11921;Prolongador Bifurcado con Válvula autosellante para vía PICC
10552;10528;PROLONGADOR BT 20- 50 CM
12227;11000;PROLONGADOR DE OXIMETRO 6M
8136;484;PROLONGADOR PT 26/100CM
7695;9030;PROLONGADOR PT 26/150
7696;9031;PROLONGADOR PT26/050
7698;3990;PROLONGADOR PT35
8318;470;PROLONGADOR T23 BT20 2.20MT
11735;10956;PROTEINA+ GRASA + CARBOHID+ ASOC.DIBEN X 500 ML
13117;11110;PROTEINA+ GRASA + CARBOHID+ ASOC.FRESUBIN ENERGY X 500 ML
12549;10891;QUETIAPINA 100 MG X 30 COMP
15709;11960;RAQUIFEROL D3 (COLECALCIFEROL GOTAS SOLUCIÓN ORAL 4ML)
14625;98;RECARGA TUBO DE 6 MTS
16114;10966;REFUERZA PAÑAL COMODIN G
5111;10757;REFUERZA PAÑAL M
16067;10604;REFUERZA PAÑAL XG
8266;240;REGULADOR DE FLUJO UNIFLOW
14975;11999;Repuesto de jabon liquido x500
2048;M-13;RISPERIDONA SOLUCION ORAL X100
6858;360;ROLLO DE PAPEL 30cm
11994;10970;ROLLO DE VENDA ELASTICA
5112;58ROPA/INT/P/INC. 8;ROPA INTERIOR P/INCONTINENCIA PLENITUD PROTEC M
9097;1272;SALBUTAMOL
10381;9166;SANCOR BEBE 1
14867;11931;SANITISANTE DE PIEL CON CLORHEXIDINA 250 ML
8194;5588;SANITIZANTE ACUOSO (RIFOCINA) SPRAY X 30 ML
8268;241;SANITIZANTE DESINFECTANTE 1LT COVID19
8199;4659;SANITIZANTE ESPUMA LIQUIDA P/MANOS EN AEROSOL X 70GR SMELL FRESH
9022;9120;SATUROMETRO CON MONITOR
4753;1436;SECALBUM X 250 GR
12555;SEN DESC;SENSOR DESCARTABLE PARA OXIMETRO
6011;SEN PED DESC;SENSOR DESCARTABLE PEDIATRICO
8910;7408;SENSOR MAXINI
16271;11200;SENSOR PARA SATUROMETRO (Marca OXIMAX N560)
4173;SENPEDSAT;SENSOR PEDIATRICO DESCARTABLE PARA SATURÓMETRO
7699;9033;SENSOR PEDIATRICO/ADULTO SPO2
6010;SEN PED;SENSORES DE OXIMETRO DE PULSO TIPO NELLCOR NEONATAL (NO PINZA)
11106;10907;SERETIDE 25/125 MCG X 120 DOSIS
11108;10908;Set de Alimentación Biomax 500 ( Cod FDB018)
10983;10774;SET DE CIRCUITO CERRADO DE ASPIRACION O SUCCION TRAQUEAL (CALIBRE 16 FRENCH)
11050;10803;SET DE INFUSION PARA ALIMENTACION POR BOMBA SILMAG 20 FRENCH
8912;5869;SET MANGUERA T63
7949;9074;SET PARA NEBULIZAR TRAQUEOTOMIA
11265;10923;SIMETICONA GOTAS
14343;11910;SOLUCION ACUOSA DE CLORHEXIDINA AL 2% X 100 ML
530;DEX250;SOLUCION DEXTROSA X 250 ML
7399;BB111;SOLUCION DEXTROZA X 500 ML
15892;5058;SOLUCIÓN FISIOLÓGICA AMPOLLA DE VIDRIO 5 ML
7700;9034;SOLUCION FISIOLOGICA AMPOLLA PLASTICO X 10 ML
7419;7339;SOLUCION FISIOLOGICA AMPOLLA PLASTICO X 5 ML
7417;7337;SOLUCION FISIOLOGICA X 100 ML
8269;242;SOLUCIÓN FISIOLÓGICA X 1LT
7418;7338;SOLUCION FISIOLOGICA X 250 ML
7398;BB110;SOLUCION FISIOLOGICA X 500 ML
6222;SONDA ALIMENT K 30;SONDA ALIMENT K 30
16329;107802;SONDA ASPIRACION 2,8MM 8FR
7701;9035;SONDA ASPIRACION ASPISON CAT179
16164;10667;SONDA ASPIRACION B-29P (BT-3529P)
8191;4855;SONDA ASPIRACION CANULA UNIPERF.25CM GT-25 PI - CEEMED
9026;9123;SONDA ASPIRACION CON REGULADOR TIPO K 26P (SA-31 KOLER)
7420;7340;SONDA ASPIRACION CON REGULADOR TIPO K 28P (SA-30 KOLER)
10501;10501;SONDA ASPIRACIÓN CON REGULADOR TIPO K 29P (SM-40P KOLER)
7410;BB123;SONDA ASPIRACION CON REGULADOR TIPO K 32P (SM-50P KOLER)
8087;9111;SONDA ASPIRACION K 29 CON REGULADOR (NOVA MED O KANGUYAN)
8826;9222;SONDA ASPIRACION K 30 CON REGULADOR
8865;2345;SONDA ASPIRACIÓN K 31 CON REGULADOR
6766;SOND K28;SONDA ASPIRACION K28
9397;9151;SONDA ASPIRACIÓN K29
10502;10502;SONDA ASPIRACION K30 SHINOBI
10503;10503;SONDA ASPIRACION KOLER SA-33 TIPO K24
8148;7386;SONDA ASPIRACION N°6 210-06 (SILMAG)
11096;10902;SONDA ASPIRACION TIPO K 32 (SM-50 KOLER)
16195;10987;SONDA B30P de ASPIRACION - BIOM
16156;10688;SONDA CON PROLONGADOR G-2935
10504;10504;SONDA CON REGULADOR K 31 SHINOBI
11731;10899;SONDA DE ALIMENTACION NASOGASTRICA IK-33 INTRATUB
120;K29;SONDA DE ASPIRACION K29 (SM-40 KOLER)
6508;SDA30;SONDA DE ASPIRACION K30 KOLER
10505;10505;SONDA FOLEY 2 VIAS N°24
10506;10506;SONDA FOLEY 2 VIAS N°24 SILICONADA
8829;9856;SONDA FOLEY 2 VIAS Nº 14
10507;10507;SONDA FOLEY 2 VIAS Nº 14 SILICONADA
7577;518;SONDA FOLEY 2 VIAS Nº 16
10508;10508;SONDA FOLEY 2 VIAS Nº 16 SILICONADA
7404;BB116;SONDA FOLEY 2 VIAS Nº 18
10509;10509;SONDA FOLEY 2 VIAS Nº 18 SILICONADA
7403;BB115;SONDA FOLEY 2 VIAS Nº 20
10510;10510;SONDA FOLEY 2 VIAS Nº 20 SILICONADA
7402;BB114;SONDA FOLEY 2 VIAS Nº 22
10511;10511;SONDA FOLEY 2 VIAS Nº 22 SILICONADA
13889;11121;SONDA FOLEY 2 VIAS Nº10
16185;10981;SONDA FOLEY 3 VIAS Nº 18
5594;104;SONDA FOLEY Nº 12
3802;FOL014;SONDA FOLEY SILICONADA 3 VIAS Nº14
7421;7341;SONDA K30 ASPIRACION
7423;7343;SONDA K32 ASPIRACION
8271;244;SONDA MIC- KEY 121 -12 FINA 18FR
8272;246;SONDA MIC- KEY 123 -12 GRUESA 18FR
7409;BB122;SONDA NASOGASTRICA K 108
7422;7342;SONDA NASOGASTRICA K 31 (S-23 KOLER)
7704;9038;SONDA NASOGASTRICA K 33 (S-20 KOLER)
10512;10512;SONDA NASOGASTRICA K-30 (10 FR)
1441;7230;SONDA NASOGASTRICA K-30 (S-28 KOLER)
8122;487;SONDA NASOGÁSTRICA K-35 (S-14 KOLER)
2011;D-98;SONDA NASOGASTRICA K29
2012;D-99;SONDA NASOGASTRICA K30
6180;391-12;SONDA NASOGASTRICA K9 SILMAG 391-12
8113;497;SONDA NASOGÁSTRICA SILICONADA 391-16 SILMAG
8687;1532;SONDA NASOGÁSTRICA SILICONADA 392-7 SILMAG
8112;498;SONDA NASOGÁSTRICA SILICONADA 392-9 SILMAG
16052;10555;SONDA NELATON GOMA ROJA 16FR
7951;9076;SONDA NELATON URETRAL K 92 Nº 8
8149;7387;SONDA NELATON URETRAL K 92 Nº 8 (KOLER)
8144;7381;SONDA NELATON URETRAL K 93 Nº12
10513;10513;SONDA NELATON URETRAL K 93 Nº12 (KOLER)
8274;250;SONDA NELATON URETRAL K 95 Nº16
8273;249;SONDA NELATON URETRAL K 96 Nº18
2010;D-97;SONDA NELATON URETRAL K 97 N°10 (KOLER)
8297;9785;SONDA NELATON URETRAL K 97 Nº10
8151;7389;SONDA P/ INHALACIÓN DE OXÍGENO O SUCCIÓN MUCUS 230-09
13772;11130;Sonda para aspiración G-31 MOD G3135K
11044;10802;SONDA SILICONADA DE ALIMENTACION Nº 7 SILMAG
16327;107800;SONDA SPEEDICATH . COD. 28412
16328;107801;SONDA SPEEDICATH COMPACT SET COD.28422
10514;10514;SONDA TOMFAC FIRST K10
16048;10551;Sonda Urinaria Femenina Coloplast 28512 sin látex
16049;10552;Sonda Urinaria Femenina Coloplast 28812 Speedicath Compact Plus sin latex
6507;SDA33;SONDA VESICAL K33
8275;251;SONDAS K-10 SNG
11010;10791;Sondas K-11
8276;252;SONDAS K-9 SNG
6483;SONSHI K-31;SONDAS SHINOBI K-31 NASOGASTRICA
11011;10792;Soporte de catéter extensible
15710;11934;SUCRALMAX
11012;10793;Suero fisiológico cloruro de sodio ampolla vidrio x 9 ml
8310;2022;SUERO SOLUCIÓN RINGER LACTATO 500 ML
16080;10652;SUJETADOR DE TRAQUEOTOMÍA PEDIÁTRICO YAFHO (REF 601103)
15975;11899;SUJETADOR P/TUBO ENDOTRAQUEAL
11263;10921;SULFATO DE ZINC
16085;10691;SUPLEMENTO FORTINI COMPACT MULTI FIBRE 125ml
12286;10994;SUPPORTAN 500ml EB
11269;10924;TALCO COPORAL X 500
8923;4585;TAPA FRASCO ASPIRADOR
8277;253;TAPÓN DE PICC
8278;254;TAPÓN DE PICC C/PROLONGADOR
9027;9124;TAPON TERAPIA INTERMITENTE
13053;10102;TELA |OPER TAPE| P/FIJACION 10MT.X 5 CM. |IHT|
16118;10974;TELA ADHESIVA MICROPOR / NO TEJIDA 2.5
4802;1TEN;TENSIÓMETRO
11584;10741;Tensiometro aneroide
127;TEN;TENSIOMETRO CON ESTETOSCOPIO
15490;11937;TERMOFREN GOTAS X 20 ML
9108;9127;TERMOMETRO
6614;245;TOALLAS DE PAPEL X 100
16169;10675;TOALLAS HUMEDAS HUGGIES TRIPLE PROTECCION X 96 UNIDADAES
8279;255;TOALLITAS DE ALCOHOL 70%
9002;9116;TOALLITAS HUMEDAS
11261;10919;TOPIRAMATO 50
8915;8545;TRAMPA DE AGUA
8866;2645;TUBO DE TRAQUEOSTOMÍA HILO EVAC C/BALÓN N°8
8867;2646;TUBO DE TRAQUEOTOMÍA HILO EVAC C/BALÓN N°6
7706;9040;TUBO ENDOCRANEAL Nº 10
7707;9041;TUBO ENDOCRANEAL Nº 11
7708;9042;TUBO ENDOCRANEAL Nº 12
7709;9043;TUBO ENDOCRANEAL Nº 13
7710;9044;TUBO ENDOCRANEAL Nº 14
7711;9045;TUBO ENDOCRANEAL Nº 15
7712;9046;TUBO ENDOCRANEAL Nº 16
7713;9047;TUBO ENDOCRANEAL Nº 17
7714;9048;TUBO ENDOCRANEAL Nº 18
7715;9049;TUBO ENDOCRANEAL Nº 19
7716;9050;TUBO ENDOCRANEAL Nº 20
7717;9051;TUBO ENDOCRANEAL Nº 21
7718;9052;TUBO ENDOCRANEAL Nº 22
7719;9053;TUBO ENDOCRANEAL Nº 23
7720;9054;TUBO ENDOCRANEAL Nº 24
7721;9055;TUBO ENDOCRANEAL Nº 25
6009;TUB 4 C/BALON;TUBO ENDOTRAQUEAI Nº4.0 CON BALON
126;TUB001;TUBO ENDOTRAQUEAL 3,5 CON BALON
2019;D-106;TUBO ENDOTRAQUEAL 4.5 CON BALON
10515;10515;TUBO ENDOTRAQUEAL N 3.0 SIN BALON
10516;10516;TUBO ENDOTRAQUEAL N 5.0 SIN BALON
14650;11035;TUBO ENDOTRAQUEAL Nº 2 SIN BALON
8192;4856;TUBO ENDOTRAQUEAL Nº 2.5 SIN BALON
7952;9077;TUBO ENDOTRAQUEAL Nº 3.5 SIN BALÓN
6008;TUBO END 4 C/BALON;TUBO ENDOTRAQUEAL Nº 4.0 CON BALON AURINCO
7953;9078;TUBO ENDOTRAQUEAL Nº 4.0 SIN BALÓN
8193;8523;TUBO ENDOTRAQUEAL Nº 4.5 SIN BALON
10517;10517;TUBO ENDOTRAQUEAL Nº 6.5 CON BALON
8008;9104;TUBO ENDOTRAQUEAL Nº 6.5 SIN BALON
7722;9056;TUBO ENDOTRAQUEAL SHILEY Nº 5.0 MM CON BALON
10518;10518;TUBO OXIGENO DE 2M3 CON REGULADOR
8909;7403;TUBULADURA 15MM
16325;10743;TUBULADURA CON TERMINAL DE CONEXION DE OXIGENO
11267;10926;TUBULADURA DE PVC 7 X9
8161;7402;TUBULADURA DESC. CORTA
425;TUBUL;TUBULADURA PARA CONCENTRADOR DE OXIGENO 10MTS
7954;9079;TUBULADURA T-63 X 2MTS ESTÉRIL
13381;11013;TUBULADURA T-95 X 2MTS ESTÉRIL
15491;11938;ULCOZOL SUSPENSION POLVO
14962;11998;Ulcozol suspension x 70 ml
11271;10928;UNIFLOX 750 X 5 COMP
8118;492;UROSET
7425;7345;VALVULA DE FONACION SHLIEY
3219;25;VALVULA DE FONACIONCON APORTE O2 SHILEY
8280;256;VASELINA LIQUIDA 125 ML
8281;257;VASELINA LIQUIDA 500 ML
7578;519;VASELINA LIQUIDA X 1000 ML
10519;10519;VASELINA SOLIDA 1 KG
8283;259;VASELINA SÓLIDA 100ML
11101;10905;VASELINA SOLIDA 250GR
6615;247;Vaso humificador bajo flujo
8202;7856;VASO PARA ASPIRADOR A BATERIA
16147;7857;VASO PARA ASPIRADOR A MOTOR
8158;7398;VENDA ADHERENTE COBAN 10CM
7426;7346;VENDA CAMBRIDGE 10 CM
7427;7347;VENDA CAMBRIDGE 15 CM
7428;7348;VENDA CAMBRIDGE 20 CM
7723;9057;VENDA CAMBRIDGE 5CM
10318;9163;VENDA CAMBRIDGE 7 CM
11260;10918;VIGABATRIN 500 MG X 60
16172;10676;VIMI KITS X 200GR
12858;VIS ENF $520;VISITA DE ENFERMERIA $520
15309;11917;VITAMINA D3
10683;10750;Vpap stellar
16184;10980;WHISPER FIJO
1767;XILO;XILOCAÍNA EN GEL
16046;10850;ZALEA DECARTABLE MARCA AMBOS 60X90
8226;8563;ZALEA DESCARTABLES
12548;10990;ZOLPIDEM 10 MG X 30 COMP
